TRACE::2026-09-10.23:42:57::SCWPlatform::Trying to open the hw design at C:/repo/SOC/SoC_301/2_GROUND_WORK/3_EMBEDDED_C_BASIC/1_DATA_TYPE/USART_HW_wrapper/hw/USART_HW_wrapper.xsa
TRACE::2026-09-10.23:42:57::SCWPlatform::DSA given C:/repo/SOC/SoC_301/2_GROUND_WORK/3_EMBEDDED_C_BASIC/1_DATA_TYPE/USART_HW_wrapper/hw/USART_HW_wrapper.xsa
TRACE::2026-09-10.23:42:57::SCWPlatform::DSA absoulate path C:/repo/SOC/SoC_301/2_GROUND_WORK/3_EMBEDDED_C_BASIC/1_DATA_TYPE/USART_HW_wrapper/hw/USART_HW_wrapper.xsa
TRACE::2026-09-10.23:42:57::SCWPlatform::DSA directory C:/repo/SOC/SoC_301/2_GROUND_WORK/3_EMBEDDED_C_BASIC/1_DATA_TYPE/USART_HW_wrapper/hw
TRACE::2026-09-10.23:42:57::SCWPlatform:: Platform Path C:/repo/SOC/SoC_301/2_GROUND_WORK/3_EMBEDDED_C_BASIC/1_DATA_TYPE/USART_HW_wrapper/hw/USART_HW_wrapper.xsa
TRACE::2026-09-10.23:42:57::SCWPlatform:: Unique name xilinx:zybo-z7-20::0.0
TRACE::2026-09-10.23:42:57::SCWPlatform::Do not have an existing db opened. 
TRACE::2026-09-10.23:42:58::SCWPlatform::Opened new HwDB with name USART_HW_wrapper_0
TRACE::2026-09-10.23:42:58::SCWWriter::formatted JSON is {
	"platformName":	"USART_HW_wrapper",
	"sprVersion":	"2.0",
	"mode":	"gui",
	"dsaType":	"Fixed",
	"platformDesc":	"USART_HW_wrapper",
	"platHandOff":	"C:/repo/SOC/SoC_301/2_GROUND_WORK/2_PS_BASIC/1_USART_CONNECTION_HW/USART_HW_wrapper.xsa",
	"platIntHandOff":	"<platformDir>/hw/USART_HW_wrapper.xsa",
	"deviceType":	"zynq",
	"platIsPrebuiltAutogen":	"false",
	"platIsNoBootBsp":	"false",
	"hasFsblMakeHasChanges":	"false",
	"hasPmufwMakeHasChanges":	"false",
	"platPreBuiltFlag":	false,
	"platformSamplesDir":	""
}
TRACE::2026-09-10.23:42:58::SCWWriter::formatted JSON is {
	"platformName":	"USART_HW_wrapper",
	"sprVersion":	"2.0",
	"mode":	"gui",
	"dsaType":	"Fixed",
	"platformDesc":	"USART_HW_wrapper",
	"platHandOff":	"C:/repo/SOC/SoC_301/2_GROUND_WORK/2_PS_BASIC/1_USART_CONNECTION_HW/USART_HW_wrapper.xsa",
	"platIntHandOff":	"<platformDir>/hw/USART_HW_wrapper.xsa",
	"deviceType":	"zynq",
	"platIsPrebuiltAutogen":	"false",
	"platIsNoBootBsp":	"false",
	"hasFsblMakeHasChanges":	"false",
	"hasPmufwMakeHasChanges":	"false",
	"platPreBuiltFlag":	false,
	"platformSamplesDir":	"",
	"platActiveSys":	"USART_HW_wrapper",
	"systems":	[{
			"systemName":	"USART_HW_wrapper",
			"systemDesc":	"USART_HW_wrapper",
			"sysIsBootAutoGen":	"true",
			"systemDispName":	"USART_HW_wrapper"
		}]
}
TRACE::2026-09-10.23:42:58::SCWPlatform::Boot application domains not present, creating them
TRACE::2026-09-10.23:42:58::SCWDomain::checking for install qemu data   : 
TRACE::2026-09-10.23:42:58::SCWDomain:: Using the QEMU Data from install at  : C:/Xilinx/Vitis/2024.2/data/emulation/platforms/zynq/sw/a9_standalone/qemu/
TRACE::2026-09-10.23:42:58::SCWDomain:: Using the QEMU args  from install at  : C:/Xilinx/Vitis/2024.2/data/emulation/platforms/zynq/sw/a9_standalone/qemu/qemu_args.txt
TRACE::2026-09-10.23:42:58::SCWPlatform::Trying to open the hw design at C:/repo/SOC/SoC_301/2_GROUND_WORK/3_EMBEDDED_C_BASIC/1_DATA_TYPE/USART_HW_wrapper/hw/USART_HW_wrapper.xsa
TRACE::2026-09-10.23:42:58::SCWPlatform::DSA given C:/repo/SOC/SoC_301/2_GROUND_WORK/3_EMBEDDED_C_BASIC/1_DATA_TYPE/USART_HW_wrapper/hw/USART_HW_wrapper.xsa
TRACE::2026-09-10.23:42:58::SCWPlatform::DSA absoulate path C:/repo/SOC/SoC_301/2_GROUND_WORK/3_EMBEDDED_C_BASIC/1_DATA_TYPE/USART_HW_wrapper/hw/USART_HW_wrapper.xsa
TRACE::2026-09-10.23:42:58::SCWPlatform::DSA directory C:/repo/SOC/SoC_301/2_GROUND_WORK/3_EMBEDDED_C_BASIC/1_DATA_TYPE/USART_HW_wrapper/hw
TRACE::2026-09-10.23:42:58::SCWPlatform:: Platform Path C:/repo/SOC/SoC_301/2_GROUND_WORK/3_EMBEDDED_C_BASIC/1_DATA_TYPE/USART_HW_wrapper/hw/USART_HW_wrapper.xsa
TRACE::2026-09-10.23:42:58::SCWPlatform:: Unique name xilinx:zybo-z7-20::0.0
TRACE::2026-09-10.23:42:58::SCWPlatform::Trying to set the existing hwdb with name USART_HW_wrapper_0
TRACE::2026-09-10.23:42:58::SCWPlatform::Opened existing hwdb USART_HW_wrapper_0
TRACE::2026-09-10.23:42:58::SCWPlatform::Found the Hw Db part of the input DSA
TRACE::2026-09-10.23:42:58::SCWPlatform::Trying to open the hw design at C:/repo/SOC/SoC_301/2_GROUND_WORK/3_EMBEDDED_C_BASIC/1_DATA_TYPE/USART_HW_wrapper/hw/USART_HW_wrapper.xsa
TRACE::2026-09-10.23:42:58::SCWPlatform::DSA given C:/repo/SOC/SoC_301/2_GROUND_WORK/3_EMBEDDED_C_BASIC/1_DATA_TYPE/USART_HW_wrapper/hw/USART_HW_wrapper.xsa
TRACE::2026-09-10.23:42:58::SCWPlatform::DSA absoulate path C:/repo/SOC/SoC_301/2_GROUND_WORK/3_EMBEDDED_C_BASIC/1_DATA_TYPE/USART_HW_wrapper/hw/USART_HW_wrapper.xsa
TRACE::2026-09-10.23:42:58::SCWPlatform::DSA directory C:/repo/SOC/SoC_301/2_GROUND_WORK/3_EMBEDDED_C_BASIC/1_DATA_TYPE/USART_HW_wrapper/hw
TRACE::2026-09-10.23:42:58::SCWPlatform:: Platform Path C:/repo/SOC/SoC_301/2_GROUND_WORK/3_EMBEDDED_C_BASIC/1_DATA_TYPE/USART_HW_wrapper/hw/USART_HW_wrapper.xsa
TRACE::2026-09-10.23:42:58::SCWPlatform:: Unique name xilinx:zybo-z7-20::0.0
TRACE::2026-09-10.23:42:58::SCWPlatform::Trying to set the existing hwdb with name USART_HW_wrapper_0
TRACE::2026-09-10.23:42:58::SCWPlatform::Opened existing hwdb USART_HW_wrapper_0
TRACE::2026-09-10.23:42:58::SCWPlatform::Found the Hw Db part of the input DSA
TRACE::2026-09-10.23:42:58::SCWPlatform::Trying to open the hw design at C:/repo/SOC/SoC_301/2_GROUND_WORK/3_EMBEDDED_C_BASIC/1_DATA_TYPE/USART_HW_wrapper/hw/USART_HW_wrapper.xsa
TRACE::2026-09-10.23:42:58::SCWPlatform::DSA given C:/repo/SOC/SoC_301/2_GROUND_WORK/3_EMBEDDED_C_BASIC/1_DATA_TYPE/USART_HW_wrapper/hw/USART_HW_wrapper.xsa
TRACE::2026-09-10.23:42:58::SCWPlatform::DSA absoulate path C:/repo/SOC/SoC_301/2_GROUND_WORK/3_EMBEDDED_C_BASIC/1_DATA_TYPE/USART_HW_wrapper/hw/USART_HW_wrapper.xsa
TRACE::2026-09-10.23:42:58::SCWPlatform::DSA directory C:/repo/SOC/SoC_301/2_GROUND_WORK/3_EMBEDDED_C_BASIC/1_DATA_TYPE/USART_HW_wrapper/hw
TRACE::2026-09-10.23:42:58::SCWPlatform:: Platform Path C:/repo/SOC/SoC_301/2_GROUND_WORK/3_EMBEDDED_C_BASIC/1_DATA_TYPE/USART_HW_wrapper/hw/USART_HW_wrapper.xsa
TRACE::2026-09-10.23:42:58::SCWPlatform:: Unique name xilinx:zybo-z7-20::0.0
TRACE::2026-09-10.23:42:58::SCWPlatform::Trying to set the existing hwdb with name USART_HW_wrapper_0
TRACE::2026-09-10.23:42:58::SCWPlatform::Opened existing hwdb USART_HW_wrapper_0
TRACE::2026-09-10.23:42:58::SCWPlatform::Found the Hw Db part of the input DSA
TRACE::2026-09-10.23:42:58::SCWPlatform::Boot application domain added for zynq_fsbl
TRACE::2026-09-10.23:42:58::SCWPlatform::Generating the sources  .
TRACE::2026-09-10.23:42:58::SCWBDomain::Generating boot domain sources.
TRACE::2026-09-10.23:42:58::SCWBDomain:: Generating the zynq_fsbl Application.
TRACE::2026-09-10.23:42:58::SCWPlatform::Trying to open the hw design at C:/repo/SOC/SoC_301/2_GROUND_WORK/3_EMBEDDED_C_BASIC/1_DATA_TYPE/USART_HW_wrapper/hw/USART_HW_wrapper.xsa
TRACE::2026-09-10.23:42:58::SCWPlatform::DSA given C:/repo/SOC/SoC_301/2_GROUND_WORK/3_EMBEDDED_C_BASIC/1_DATA_TYPE/USART_HW_wrapper/hw/USART_HW_wrapper.xsa
TRACE::2026-09-10.23:42:58::SCWPlatform::DSA absoulate path C:/repo/SOC/SoC_301/2_GROUND_WORK/3_EMBEDDED_C_BASIC/1_DATA_TYPE/USART_HW_wrapper/hw/USART_HW_wrapper.xsa
TRACE::2026-09-10.23:42:58::SCWPlatform::DSA directory C:/repo/SOC/SoC_301/2_GROUND_WORK/3_EMBEDDED_C_BASIC/1_DATA_TYPE/USART_HW_wrapper/hw
TRACE::2026-09-10.23:42:58::SCWPlatform:: Platform Path C:/repo/SOC/SoC_301/2_GROUND_WORK/3_EMBEDDED_C_BASIC/1_DATA_TYPE/USART_HW_wrapper/hw/USART_HW_wrapper.xsa
TRACE::2026-09-10.23:42:58::SCWPlatform:: Unique name xilinx:zybo-z7-20::0.0
TRACE::2026-09-10.23:42:58::SCWPlatform::Trying to set the existing hwdb with name USART_HW_wrapper_0
TRACE::2026-09-10.23:42:58::SCWPlatform::Opened existing hwdb USART_HW_wrapper_0
TRACE::2026-09-10.23:42:58::SCWPlatform::Found the Hw Db part of the input DSA
TRACE::2026-09-10.23:42:58::SCWMssOS::Checking the sw design at  C:/repo/SOC/SoC_301/2_GROUND_WORK/3_EMBEDDED_C_BASIC/1_DATA_TYPE/USART_HW_wrapper/zynq_fsbl/zynq_fsbl_bsp/system.mss
TRACE::2026-09-10.23:42:58::SCWMssOS::DEBUG:  swdes dump  
TRACE::2026-09-10.23:42:58::SCWMssOS::No sw design opened at  C:/repo/SOC/SoC_301/2_GROUND_WORK/3_EMBEDDED_C_BASIC/1_DATA_TYPE/USART_HW_wrapper/zynq_fsbl/zynq_fsbl_bsp/system.mss
TRACE::2026-09-10.23:42:58::SCWMssOS::mss does not exists at C:/repo/SOC/SoC_301/2_GROUND_WORK/3_EMBEDDED_C_BASIC/1_DATA_TYPE/USART_HW_wrapper/zynq_fsbl/zynq_fsbl_bsp/system.mss
TRACE::2026-09-10.23:42:58::SCWMssOS::Creating sw design at  C:/repo/SOC/SoC_301/2_GROUND_WORK/3_EMBEDDED_C_BASIC/1_DATA_TYPE/USART_HW_wrapper/zynq_fsbl/zynq_fsbl_bsp/system.mss
TRACE::2026-09-10.23:42:58::SCWMssOS::Adding the swdes entry, created swdb C:/repo/SOC/SoC_301/2_GROUND_WORK/3_EMBEDDED_C_BASIC/1_DATA_TYPE/USART_HW_wrapper/zynq_fsbl/zynq_fsbl_bsp/system.mss with des name C:/repo/SOC/SoC_301/2_GROUND_WORK/3_EMBEDDED_C_BASIC/1_DATA_TYPE/USART_HW_wrapper/zynq_fsbl/zynq_fsbl_bsp/system.mss
TRACE::2026-09-10.23:42:58::SCWMssOS::updating the scw layer changes to swdes at   C:/repo/SOC/SoC_301/2_GROUND_WORK/3_EMBEDDED_C_BASIC/1_DATA_TYPE/USART_HW_wrapper/zynq_fsbl/zynq_fsbl_bsp/system.mss
TRACE::2026-09-10.23:42:58::SCWMssOS::Writing mss at C:/repo/SOC/SoC_301/2_GROUND_WORK/3_EMBEDDED_C_BASIC/1_DATA_TYPE/USART_HW_wrapper/zynq_fsbl/zynq_fsbl_bsp/system.mss
TRACE::2026-09-10.23:42:58::SCWMssOS::Completed writing the mss file at C:/repo/SOC/SoC_301/2_GROUND_WORK/3_EMBEDDED_C_BASIC/1_DATA_TYPE/USART_HW_wrapper/zynq_fsbl/zynq_fsbl_bsp
TRACE::2026-09-10.23:42:58::SCWMssOS::Picking up changes from newly written mss file into SCW Layer. 
TRACE::2026-09-10.23:42:58::SCWMssOS::Updated the changes from newly written mss file into SCW Layer. 
TRACE::2026-09-10.23:42:58::SCWBDomain::Completed writing the mss file at C:/repo/SOC/SoC_301/2_GROUND_WORK/3_EMBEDDED_C_BASIC/1_DATA_TYPE/USART_HW_wrapper/zynq_fsbl/zynq_fsbl_bsp
TRACE::2026-09-10.23:43:05::SCWPlatform::Generating sources Done.
TRACE::2026-09-10.23:43:05::SCWPlatform::Trying to open the hw design at C:/repo/SOC/SoC_301/2_GROUND_WORK/3_EMBEDDED_C_BASIC/1_DATA_TYPE/USART_HW_wrapper/hw/USART_HW_wrapper.xsa
TRACE::2026-09-10.23:43:05::SCWPlatform::DSA given C:/repo/SOC/SoC_301/2_GROUND_WORK/3_EMBEDDED_C_BASIC/1_DATA_TYPE/USART_HW_wrapper/hw/USART_HW_wrapper.xsa
TRACE::2026-09-10.23:43:05::SCWPlatform::DSA absoulate path C:/repo/SOC/SoC_301/2_GROUND_WORK/3_EMBEDDED_C_BASIC/1_DATA_TYPE/USART_HW_wrapper/hw/USART_HW_wrapper.xsa
TRACE::2026-09-10.23:43:05::SCWPlatform::DSA directory C:/repo/SOC/SoC_301/2_GROUND_WORK/3_EMBEDDED_C_BASIC/1_DATA_TYPE/USART_HW_wrapper/hw
TRACE::2026-09-10.23:43:05::SCWPlatform:: Platform Path C:/repo/SOC/SoC_301/2_GROUND_WORK/3_EMBEDDED_C_BASIC/1_DATA_TYPE/USART_HW_wrapper/hw/USART_HW_wrapper.xsa
TRACE::2026-09-10.23:43:05::SCWPlatform:: Unique name xilinx:zybo-z7-20::0.0
TRACE::2026-09-10.23:43:05::SCWPlatform::Trying to set the existing hwdb with name USART_HW_wrapper_0
TRACE::2026-09-10.23:43:05::SCWPlatform::Opened existing hwdb USART_HW_wrapper_0
TRACE::2026-09-10.23:43:05::SCWPlatform::Found the Hw Db part of the input DSA
TRACE::2026-09-10.23:43:05::SCWMssOS::Checking the sw design at  C:/repo/SOC/SoC_301/2_GROUND_WORK/3_EMBEDDED_C_BASIC/1_DATA_TYPE/USART_HW_wrapper/zynq_fsbl/zynq_fsbl_bsp/system.mss
TRACE::2026-09-10.23:43:05::SCWMssOS::DEBUG:  swdes dump  
TRACE::2026-09-10.23:43:05::SCWMssOS::No sw design opened at  C:/repo/SOC/SoC_301/2_GROUND_WORK/3_EMBEDDED_C_BASIC/1_DATA_TYPE/USART_HW_wrapper/zynq_fsbl/zynq_fsbl_bsp/system.mss
TRACE::2026-09-10.23:43:05::SCWMssOS::mss exists loading the mss file  C:/repo/SOC/SoC_301/2_GROUND_WORK/3_EMBEDDED_C_BASIC/1_DATA_TYPE/USART_HW_wrapper/zynq_fsbl/zynq_fsbl_bsp/system.mss
TRACE::2026-09-10.23:43:05::SCWMssOS::Opened the sw design from mss  C:/repo/SOC/SoC_301/2_GROUND_WORK/3_EMBEDDED_C_BASIC/1_DATA_TYPE/USART_HW_wrapper/zynq_fsbl/zynq_fsbl_bsp/system.mss
TRACE::2026-09-10.23:43:05::SCWMssOS::Adding the swdes entry C:/repo/SOC/SoC_301/2_GROUND_WORK/3_EMBEDDED_C_BASIC/1_DATA_TYPE/USART_HW_wrapper/zynq_fsbl/zynq_fsbl_bsp/system.mss with des name system
TRACE::2026-09-10.23:43:05::SCWMssOS::updating the scw layer about changes
TRACE::2026-09-10.23:43:05::SCWMssOS::Opened the sw design.  C:/repo/SOC/SoC_301/2_GROUND_WORK/3_EMBEDDED_C_BASIC/1_DATA_TYPE/USART_HW_wrapper/zynq_fsbl/zynq_fsbl_bsp/system.mss
TRACE::2026-09-10.23:43:05::SCWMssOS::Saving the mss changes C:/repo/SOC/SoC_301/2_GROUND_WORK/3_EMBEDDED_C_BASIC/1_DATA_TYPE/USART_HW_wrapper/zynq_fsbl/zynq_fsbl_bsp/system.mss
TRACE::2026-09-10.23:43:05::SCWMssOS::Found a swdesign opened with the mssfile.
TRACE::2026-09-10.23:43:05::SCWMssOS::Completed writemss as part of save.
TRACE::2026-09-10.23:43:05::SCWMssOS::Commit changes completed.
TRACE::2026-09-10.23:43:05::SCWPlatform::Trying to open the hw design at C:/repo/SOC/SoC_301/2_GROUND_WORK/3_EMBEDDED_C_BASIC/1_DATA_TYPE/USART_HW_wrapper/hw/USART_HW_wrapper.xsa
TRACE::2026-09-10.23:43:05::SCWPlatform::DSA given C:/repo/SOC/SoC_301/2_GROUND_WORK/3_EMBEDDED_C_BASIC/1_DATA_TYPE/USART_HW_wrapper/hw/USART_HW_wrapper.xsa
TRACE::2026-09-10.23:43:05::SCWPlatform::DSA absoulate path C:/repo/SOC/SoC_301/2_GROUND_WORK/3_EMBEDDED_C_BASIC/1_DATA_TYPE/USART_HW_wrapper/hw/USART_HW_wrapper.xsa
TRACE::2026-09-10.23:43:05::SCWPlatform::DSA directory C:/repo/SOC/SoC_301/2_GROUND_WORK/3_EMBEDDED_C_BASIC/1_DATA_TYPE/USART_HW_wrapper/hw
TRACE::2026-09-10.23:43:05::SCWPlatform:: Platform Path C:/repo/SOC/SoC_301/2_GROUND_WORK/3_EMBEDDED_C_BASIC/1_DATA_TYPE/USART_HW_wrapper/hw/USART_HW_wrapper.xsa
TRACE::2026-09-10.23:43:05::SCWPlatform:: Unique name xilinx:zybo-z7-20::0.0
TRACE::2026-09-10.23:43:05::SCWPlatform::Trying to set the existing hwdb with name USART_HW_wrapper_0
TRACE::2026-09-10.23:43:05::SCWPlatform::Opened existing hwdb USART_HW_wrapper_0
TRACE::2026-09-10.23:43:05::SCWPlatform::Found the Hw Db part of the input DSA
TRACE::2026-09-10.23:43:05::SCWMssOS::Checking the sw design at  C:/repo/SOC/SoC_301/2_GROUND_WORK/3_EMBEDDED_C_BASIC/1_DATA_TYPE/USART_HW_wrapper/zynq_fsbl/zynq_fsbl_bsp/system.mss
TRACE::2026-09-10.23:43:05::SCWMssOS::DEBUG:  swdes dump  C:/repo/SOC/SoC_301/2_GROUND_WORK/3_EMBEDDED_C_BASIC/1_DATA_TYPE/USART_HW_wrapper/zynq_fsbl/zynq_fsbl_bsp/system.mss|system||

TRACE::2026-09-10.23:43:05::SCWMssOS::Sw design exists and opened at  C:/repo/SOC/SoC_301/2_GROUND_WORK/3_EMBEDDED_C_BASIC/1_DATA_TYPE/USART_HW_wrapper/zynq_fsbl/zynq_fsbl_bsp/system.mss
TRACE::2026-09-10.23:43:05::SCWPlatform::Trying to open the hw design at C:/repo/SOC/SoC_301/2_GROUND_WORK/3_EMBEDDED_C_BASIC/1_DATA_TYPE/USART_HW_wrapper/hw/USART_HW_wrapper.xsa
TRACE::2026-09-10.23:43:05::SCWPlatform::DSA given C:/repo/SOC/SoC_301/2_GROUND_WORK/3_EMBEDDED_C_BASIC/1_DATA_TYPE/USART_HW_wrapper/hw/USART_HW_wrapper.xsa
TRACE::2026-09-10.23:43:05::SCWPlatform::DSA absoulate path C:/repo/SOC/SoC_301/2_GROUND_WORK/3_EMBEDDED_C_BASIC/1_DATA_TYPE/USART_HW_wrapper/hw/USART_HW_wrapper.xsa
TRACE::2026-09-10.23:43:05::SCWPlatform::DSA directory C:/repo/SOC/SoC_301/2_GROUND_WORK/3_EMBEDDED_C_BASIC/1_DATA_TYPE/USART_HW_wrapper/hw
TRACE::2026-09-10.23:43:05::SCWPlatform:: Platform Path C:/repo/SOC/SoC_301/2_GROUND_WORK/3_EMBEDDED_C_BASIC/1_DATA_TYPE/USART_HW_wrapper/hw/USART_HW_wrapper.xsa
TRACE::2026-09-10.23:43:05::SCWPlatform:: Unique name xilinx:zybo-z7-20::0.0
TRACE::2026-09-10.23:43:05::SCWPlatform::Trying to set the existing hwdb with name USART_HW_wrapper_0
TRACE::2026-09-10.23:43:05::SCWPlatform::Opened existing hwdb USART_HW_wrapper_0
TRACE::2026-09-10.23:43:05::SCWPlatform::Found the Hw Db part of the input DSA
TRACE::2026-09-10.23:43:05::SCWMssOS::Checking the sw design at  C:/repo/SOC/SoC_301/2_GROUND_WORK/3_EMBEDDED_C_BASIC/1_DATA_TYPE/USART_HW_wrapper/zynq_fsbl/zynq_fsbl_bsp/system.mss
TRACE::2026-09-10.23:43:05::SCWMssOS::DEBUG:  swdes dump  C:/repo/SOC/SoC_301/2_GROUND_WORK/3_EMBEDDED_C_BASIC/1_DATA_TYPE/USART_HW_wrapper/zynq_fsbl/zynq_fsbl_bsp/system.mss|system||

TRACE::2026-09-10.23:43:05::SCWMssOS::Sw design exists and opened at  C:/repo/SOC/SoC_301/2_GROUND_WORK/3_EMBEDDED_C_BASIC/1_DATA_TYPE/USART_HW_wrapper/zynq_fsbl/zynq_fsbl_bsp/system.mss
TRACE::2026-09-10.23:43:05::SCWPlatform::Trying to open the hw design at C:/repo/SOC/SoC_301/2_GROUND_WORK/3_EMBEDDED_C_BASIC/1_DATA_TYPE/USART_HW_wrapper/hw/USART_HW_wrapper.xsa
TRACE::2026-09-10.23:43:05::SCWPlatform::DSA given C:/repo/SOC/SoC_301/2_GROUND_WORK/3_EMBEDDED_C_BASIC/1_DATA_TYPE/USART_HW_wrapper/hw/USART_HW_wrapper.xsa
TRACE::2026-09-10.23:43:05::SCWPlatform::DSA absoulate path C:/repo/SOC/SoC_301/2_GROUND_WORK/3_EMBEDDED_C_BASIC/1_DATA_TYPE/USART_HW_wrapper/hw/USART_HW_wrapper.xsa
TRACE::2026-09-10.23:43:05::SCWPlatform::DSA directory C:/repo/SOC/SoC_301/2_GROUND_WORK/3_EMBEDDED_C_BASIC/1_DATA_TYPE/USART_HW_wrapper/hw
TRACE::2026-09-10.23:43:05::SCWPlatform:: Platform Path C:/repo/SOC/SoC_301/2_GROUND_WORK/3_EMBEDDED_C_BASIC/1_DATA_TYPE/USART_HW_wrapper/hw/USART_HW_wrapper.xsa
TRACE::2026-09-10.23:43:05::SCWPlatform:: Unique name xilinx:zybo-z7-20::0.0
TRACE::2026-09-10.23:43:05::SCWPlatform::Trying to set the existing hwdb with name USART_HW_wrapper_0
TRACE::2026-09-10.23:43:05::SCWPlatform::Opened existing hwdb USART_HW_wrapper_0
TRACE::2026-09-10.23:43:05::SCWPlatform::Found the Hw Db part of the input DSA
TRACE::2026-09-10.23:43:05::SCWMssOS::Checking the sw design at  C:/repo/SOC/SoC_301/2_GROUND_WORK/3_EMBEDDED_C_BASIC/1_DATA_TYPE/USART_HW_wrapper/zynq_fsbl/zynq_fsbl_bsp/system.mss
TRACE::2026-09-10.23:43:05::SCWMssOS::DEBUG:  swdes dump  C:/repo/SOC/SoC_301/2_GROUND_WORK/3_EMBEDDED_C_BASIC/1_DATA_TYPE/USART_HW_wrapper/zynq_fsbl/zynq_fsbl_bsp/system.mss|system||

TRACE::2026-09-10.23:43:05::SCWMssOS::Sw design exists and opened at  C:/repo/SOC/SoC_301/2_GROUND_WORK/3_EMBEDDED_C_BASIC/1_DATA_TYPE/USART_HW_wrapper/zynq_fsbl/zynq_fsbl_bsp/system.mss
TRACE::2026-09-10.23:43:05::SCWWriter::formatted JSON is {
	"platformName":	"USART_HW_wrapper",
	"sprVersion":	"2.0",
	"mode":	"gui",
	"dsaType":	"Fixed",
	"platformDesc":	"USART_HW_wrapper",
	"platHandOff":	"C:/repo/SOC/SoC_301/2_GROUND_WORK/2_PS_BASIC/1_USART_CONNECTION_HW/USART_HW_wrapper.xsa",
	"platIntHandOff":	"<platformDir>/hw/USART_HW_wrapper.xsa",
	"deviceType":	"zynq",
	"platIsPrebuiltAutogen":	"false",
	"platIsNoBootBsp":	"false",
	"platFsblTarget":	"ps7_cortexa9_0",
	"hasFsblMakeHasChanges":	"false",
	"hasPmufwMakeHasChanges":	"false",
	"fsblExtraCompilerFlags":	"-MMD -MP       -mcpu=cortex-a9 -mfpu=vfpv3 -mfloat-abi=hard ",
	"platPreBuiltFlag":	false,
	"platformSamplesDir":	"",
	"platActiveSys":	"USART_HW_wrapper",
	"systems":	[{
			"systemName":	"USART_HW_wrapper",
			"systemDesc":	"USART_HW_wrapper",
			"sysIsBootAutoGen":	"true",
			"systemDispName":	"USART_HW_wrapper",
			"sysActiveDom":	"zynq_fsbl",
			"sysDefaultDom":	"",
			"domains":	[{
					"domainName":	"zynq_fsbl",
					"domainDispName":	"zynq_fsbl",
					"domainDesc":	"FSBL Application BSP - Auto Generated.",
					"processors":	"ps7_cortexa9_0",
					"os":	"standalone",
					"sdxOs":	"standalone",
					"debugEnable":	"",
					"domRuntimes":	["cpp"],
					"swRepo":	"",
					"mssOsVer":	"9.2",
					"mssFile":	"",
					"md5Digest":	"0d85eb7594d9e7e2c8af45a785783646",
					"compatibleApp":	"zynq_fsbl",
					"domType":	"bootDomain",
					"arch":	"32-bit",
					"appSettings":	{
						"appCompilerFlags":	"",
						"appLinkerFlags":	""
					},
					"addedLibs":	["xilffs:5.3", "xilrsa:1.8"],
					"libOptions":	{
						"libsContainingOptions":	[]
					},
					"prebuiltLibs":	{
						"prebuiltIncPath":	[],
						"prebuiltLibPath":	[]
					},
					"isolation":	{
					}
				}]
		}]
}
TRACE::2026-09-10.23:43:05::SCWMssOS::Saving the mss changes C:/repo/SOC/SoC_301/2_GROUND_WORK/3_EMBEDDED_C_BASIC/1_DATA_TYPE/USART_HW_wrapper/zynq_fsbl/zynq_fsbl_bsp/system.mss
TRACE::2026-09-10.23:43:05::SCWMssOS::Found a swdesign opened with the mssfile.
TRACE::2026-09-10.23:43:05::SCWMssOS::Completed writemss as part of save.
TRACE::2026-09-10.23:43:05::SCWMssOS::Commit changes completed.
TRACE::2026-09-10.23:43:05::SCWPlatform::Trying to open the hw design at C:/repo/SOC/SoC_301/2_GROUND_WORK/3_EMBEDDED_C_BASIC/1_DATA_TYPE/USART_HW_wrapper/hw/USART_HW_wrapper.xsa
TRACE::2026-09-10.23:43:05::SCWPlatform::DSA given C:/repo/SOC/SoC_301/2_GROUND_WORK/3_EMBEDDED_C_BASIC/1_DATA_TYPE/USART_HW_wrapper/hw/USART_HW_wrapper.xsa
TRACE::2026-09-10.23:43:05::SCWPlatform::DSA absoulate path C:/repo/SOC/SoC_301/2_GROUND_WORK/3_EMBEDDED_C_BASIC/1_DATA_TYPE/USART_HW_wrapper/hw/USART_HW_wrapper.xsa
TRACE::2026-09-10.23:43:05::SCWPlatform::DSA directory C:/repo/SOC/SoC_301/2_GROUND_WORK/3_EMBEDDED_C_BASIC/1_DATA_TYPE/USART_HW_wrapper/hw
TRACE::2026-09-10.23:43:05::SCWPlatform:: Platform Path C:/repo/SOC/SoC_301/2_GROUND_WORK/3_EMBEDDED_C_BASIC/1_DATA_TYPE/USART_HW_wrapper/hw/USART_HW_wrapper.xsa
TRACE::2026-09-10.23:43:05::SCWPlatform:: Unique name xilinx:zybo-z7-20::0.0
TRACE::2026-09-10.23:43:05::SCWPlatform::Trying to set the existing hwdb with name USART_HW_wrapper_0
TRACE::2026-09-10.23:43:05::SCWPlatform::Opened existing hwdb USART_HW_wrapper_0
TRACE::2026-09-10.23:43:05::SCWPlatform::Found the Hw Db part of the input DSA
TRACE::2026-09-10.23:43:05::SCWMssOS::Checking the sw design at  C:/repo/SOC/SoC_301/2_GROUND_WORK/3_EMBEDDED_C_BASIC/1_DATA_TYPE/USART_HW_wrapper/zynq_fsbl/zynq_fsbl_bsp/system.mss
TRACE::2026-09-10.23:43:05::SCWMssOS::DEBUG:  swdes dump  C:/repo/SOC/SoC_301/2_GROUND_WORK/3_EMBEDDED_C_BASIC/1_DATA_TYPE/USART_HW_wrapper/zynq_fsbl/zynq_fsbl_bsp/system.mss|system||

TRACE::2026-09-10.23:43:05::SCWMssOS::Sw design exists and opened at  C:/repo/SOC/SoC_301/2_GROUND_WORK/3_EMBEDDED_C_BASIC/1_DATA_TYPE/USART_HW_wrapper/zynq_fsbl/zynq_fsbl_bsp/system.mss
TRACE::2026-09-10.23:43:05::SCWPlatform::Trying to open the hw design at C:/repo/SOC/SoC_301/2_GROUND_WORK/3_EMBEDDED_C_BASIC/1_DATA_TYPE/USART_HW_wrapper/hw/USART_HW_wrapper.xsa
TRACE::2026-09-10.23:43:05::SCWPlatform::DSA given C:/repo/SOC/SoC_301/2_GROUND_WORK/3_EMBEDDED_C_BASIC/1_DATA_TYPE/USART_HW_wrapper/hw/USART_HW_wrapper.xsa
TRACE::2026-09-10.23:43:05::SCWPlatform::DSA absoulate path C:/repo/SOC/SoC_301/2_GROUND_WORK/3_EMBEDDED_C_BASIC/1_DATA_TYPE/USART_HW_wrapper/hw/USART_HW_wrapper.xsa
TRACE::2026-09-10.23:43:05::SCWPlatform::DSA directory C:/repo/SOC/SoC_301/2_GROUND_WORK/3_EMBEDDED_C_BASIC/1_DATA_TYPE/USART_HW_wrapper/hw
TRACE::2026-09-10.23:43:05::SCWPlatform:: Platform Path C:/repo/SOC/SoC_301/2_GROUND_WORK/3_EMBEDDED_C_BASIC/1_DATA_TYPE/USART_HW_wrapper/hw/USART_HW_wrapper.xsa
TRACE::2026-09-10.23:43:05::SCWPlatform:: Unique name xilinx:zybo-z7-20::0.0
TRACE::2026-09-10.23:43:05::SCWPlatform::Trying to set the existing hwdb with name USART_HW_wrapper_0
TRACE::2026-09-10.23:43:05::SCWPlatform::Opened existing hwdb USART_HW_wrapper_0
TRACE::2026-09-10.23:43:05::SCWPlatform::Found the Hw Db part of the input DSA
TRACE::2026-09-10.23:43:05::SCWMssOS::Checking the sw design at  C:/repo/SOC/SoC_301/2_GROUND_WORK/3_EMBEDDED_C_BASIC/1_DATA_TYPE/USART_HW_wrapper/zynq_fsbl/zynq_fsbl_bsp/system.mss
TRACE::2026-09-10.23:43:05::SCWMssOS::DEBUG:  swdes dump  C:/repo/SOC/SoC_301/2_GROUND_WORK/3_EMBEDDED_C_BASIC/1_DATA_TYPE/USART_HW_wrapper/zynq_fsbl/zynq_fsbl_bsp/system.mss|system||

TRACE::2026-09-10.23:43:05::SCWMssOS::Sw design exists and opened at  C:/repo/SOC/SoC_301/2_GROUND_WORK/3_EMBEDDED_C_BASIC/1_DATA_TYPE/USART_HW_wrapper/zynq_fsbl/zynq_fsbl_bsp/system.mss
TRACE::2026-09-10.23:43:05::SCWPlatform::Trying to open the hw design at C:/repo/SOC/SoC_301/2_GROUND_WORK/3_EMBEDDED_C_BASIC/1_DATA_TYPE/USART_HW_wrapper/hw/USART_HW_wrapper.xsa
TRACE::2026-09-10.23:43:05::SCWPlatform::DSA given C:/repo/SOC/SoC_301/2_GROUND_WORK/3_EMBEDDED_C_BASIC/1_DATA_TYPE/USART_HW_wrapper/hw/USART_HW_wrapper.xsa
TRACE::2026-09-10.23:43:05::SCWPlatform::DSA absoulate path C:/repo/SOC/SoC_301/2_GROUND_WORK/3_EMBEDDED_C_BASIC/1_DATA_TYPE/USART_HW_wrapper/hw/USART_HW_wrapper.xsa
TRACE::2026-09-10.23:43:05::SCWPlatform::DSA directory C:/repo/SOC/SoC_301/2_GROUND_WORK/3_EMBEDDED_C_BASIC/1_DATA_TYPE/USART_HW_wrapper/hw
TRACE::2026-09-10.23:43:05::SCWPlatform:: Platform Path C:/repo/SOC/SoC_301/2_GROUND_WORK/3_EMBEDDED_C_BASIC/1_DATA_TYPE/USART_HW_wrapper/hw/USART_HW_wrapper.xsa
TRACE::2026-09-10.23:43:05::SCWPlatform:: Unique name xilinx:zybo-z7-20::0.0
TRACE::2026-09-10.23:43:05::SCWPlatform::Trying to set the existing hwdb with name USART_HW_wrapper_0
TRACE::2026-09-10.23:43:05::SCWPlatform::Opened existing hwdb USART_HW_wrapper_0
TRACE::2026-09-10.23:43:05::SCWPlatform::Found the Hw Db part of the input DSA
TRACE::2026-09-10.23:43:05::SCWMssOS::Checking the sw design at  C:/repo/SOC/SoC_301/2_GROUND_WORK/3_EMBEDDED_C_BASIC/1_DATA_TYPE/USART_HW_wrapper/zynq_fsbl/zynq_fsbl_bsp/system.mss
TRACE::2026-09-10.23:43:05::SCWMssOS::DEBUG:  swdes dump  C:/repo/SOC/SoC_301/2_GROUND_WORK/3_EMBEDDED_C_BASIC/1_DATA_TYPE/USART_HW_wrapper/zynq_fsbl/zynq_fsbl_bsp/system.mss|system||

TRACE::2026-09-10.23:43:05::SCWMssOS::Sw design exists and opened at  C:/repo/SOC/SoC_301/2_GROUND_WORK/3_EMBEDDED_C_BASIC/1_DATA_TYPE/USART_HW_wrapper/zynq_fsbl/zynq_fsbl_bsp/system.mss
TRACE::2026-09-10.23:43:05::SCWWriter::formatted JSON is {
	"platformName":	"USART_HW_wrapper",
	"sprVersion":	"2.0",
	"mode":	"gui",
	"dsaType":	"Fixed",
	"platformDesc":	"USART_HW_wrapper",
	"platHandOff":	"C:/repo/SOC/SoC_301/2_GROUND_WORK/2_PS_BASIC/1_USART_CONNECTION_HW/USART_HW_wrapper.xsa",
	"platIntHandOff":	"<platformDir>/hw/USART_HW_wrapper.xsa",
	"deviceType":	"zynq",
	"platIsPrebuiltAutogen":	"false",
	"platIsNoBootBsp":	"false",
	"platFsblTarget":	"ps7_cortexa9_0",
	"hasFsblMakeHasChanges":	"false",
	"hasPmufwMakeHasChanges":	"false",
	"fsblExtraCompilerFlags":	"-MMD -MP       -mcpu=cortex-a9 -mfpu=vfpv3 -mfloat-abi=hard ",
	"platPreBuiltFlag":	false,
	"platformSamplesDir":	"",
	"platActiveSys":	"USART_HW_wrapper",
	"systems":	[{
			"systemName":	"USART_HW_wrapper",
			"systemDesc":	"USART_HW_wrapper",
			"sysIsBootAutoGen":	"true",
			"systemDispName":	"USART_HW_wrapper",
			"sysActiveDom":	"zynq_fsbl",
			"sysDefaultDom":	"",
			"domains":	[{
					"domainName":	"zynq_fsbl",
					"domainDispName":	"zynq_fsbl",
					"domainDesc":	"FSBL Application BSP - Auto Generated.",
					"processors":	"ps7_cortexa9_0",
					"os":	"standalone",
					"sdxOs":	"standalone",
					"debugEnable":	"",
					"domRuntimes":	["cpp"],
					"swRepo":	"",
					"mssOsVer":	"9.2",
					"mssFile":	"",
					"md5Digest":	"0d85eb7594d9e7e2c8af45a785783646",
					"compatibleApp":	"zynq_fsbl",
					"domType":	"bootDomain",
					"arch":	"32-bit",
					"appSettings":	{
						"appCompilerFlags":	"",
						"appLinkerFlags":	""
					},
					"addedLibs":	["xilffs:5.3", "xilrsa:1.8"],
					"libOptions":	{
						"libsContainingOptions":	[]
					},
					"prebuiltLibs":	{
						"prebuiltIncPath":	[],
						"prebuiltLibPath":	[]
					},
					"isolation":	{
					}
				}]
		}]
}
TRACE::2026-09-10.23:43:05::SCWPlatform::Trying to open the hw design at C:/repo/SOC/SoC_301/2_GROUND_WORK/3_EMBEDDED_C_BASIC/1_DATA_TYPE/USART_HW_wrapper/hw/USART_HW_wrapper.xsa
TRACE::2026-09-10.23:43:05::SCWPlatform::DSA given C:/repo/SOC/SoC_301/2_GROUND_WORK/3_EMBEDDED_C_BASIC/1_DATA_TYPE/USART_HW_wrapper/hw/USART_HW_wrapper.xsa
TRACE::2026-09-10.23:43:05::SCWPlatform::DSA absoulate path C:/repo/SOC/SoC_301/2_GROUND_WORK/3_EMBEDDED_C_BASIC/1_DATA_TYPE/USART_HW_wrapper/hw/USART_HW_wrapper.xsa
TRACE::2026-09-10.23:43:05::SCWPlatform::DSA directory C:/repo/SOC/SoC_301/2_GROUND_WORK/3_EMBEDDED_C_BASIC/1_DATA_TYPE/USART_HW_wrapper/hw
TRACE::2026-09-10.23:43:05::SCWPlatform:: Platform Path C:/repo/SOC/SoC_301/2_GROUND_WORK/3_EMBEDDED_C_BASIC/1_DATA_TYPE/USART_HW_wrapper/hw/USART_HW_wrapper.xsa
TRACE::2026-09-10.23:43:05::SCWPlatform:: Unique name xilinx:zybo-z7-20::0.0
TRACE::2026-09-10.23:43:05::SCWPlatform::Trying to set the existing hwdb with name USART_HW_wrapper_0
TRACE::2026-09-10.23:43:05::SCWPlatform::Opened existing hwdb USART_HW_wrapper_0
TRACE::2026-09-10.23:43:05::SCWPlatform::Found the Hw Db part of the input DSA
TRACE::2026-09-10.23:43:05::SCWDomain::checking for install qemu data   : 
TRACE::2026-09-10.23:43:05::SCWDomain:: Using the QEMU Data from install at  : C:/Xilinx/Vitis/2024.2/data/emulation/platforms/zynq/sw/a9_standalone/qemu/
TRACE::2026-09-10.23:43:05::SCWDomain:: Using the QEMU args  from install at  : C:/Xilinx/Vitis/2024.2/data/emulation/platforms/zynq/sw/a9_standalone/qemu/qemu_args.txt
TRACE::2026-09-10.23:43:05::SCWPlatform::Trying to open the hw design at C:/repo/SOC/SoC_301/2_GROUND_WORK/3_EMBEDDED_C_BASIC/1_DATA_TYPE/USART_HW_wrapper/hw/USART_HW_wrapper.xsa
TRACE::2026-09-10.23:43:05::SCWPlatform::DSA given C:/repo/SOC/SoC_301/2_GROUND_WORK/3_EMBEDDED_C_BASIC/1_DATA_TYPE/USART_HW_wrapper/hw/USART_HW_wrapper.xsa
TRACE::2026-09-10.23:43:05::SCWPlatform::DSA absoulate path C:/repo/SOC/SoC_301/2_GROUND_WORK/3_EMBEDDED_C_BASIC/1_DATA_TYPE/USART_HW_wrapper/hw/USART_HW_wrapper.xsa
TRACE::2026-09-10.23:43:05::SCWPlatform::DSA directory C:/repo/SOC/SoC_301/2_GROUND_WORK/3_EMBEDDED_C_BASIC/1_DATA_TYPE/USART_HW_wrapper/hw
TRACE::2026-09-10.23:43:05::SCWPlatform:: Platform Path C:/repo/SOC/SoC_301/2_GROUND_WORK/3_EMBEDDED_C_BASIC/1_DATA_TYPE/USART_HW_wrapper/hw/USART_HW_wrapper.xsa
TRACE::2026-09-10.23:43:05::SCWPlatform:: Unique name xilinx:zybo-z7-20::0.0
TRACE::2026-09-10.23:43:05::SCWPlatform::Trying to set the existing hwdb with name USART_HW_wrapper_0
TRACE::2026-09-10.23:43:05::SCWPlatform::Opened existing hwdb USART_HW_wrapper_0
TRACE::2026-09-10.23:43:05::SCWPlatform::Found the Hw Db part of the input DSA
TRACE::2026-09-10.23:43:05::SCWPlatform::Trying to open the hw design at C:/repo/SOC/SoC_301/2_GROUND_WORK/3_EMBEDDED_C_BASIC/1_DATA_TYPE/USART_HW_wrapper/hw/USART_HW_wrapper.xsa
TRACE::2026-09-10.23:43:05::SCWPlatform::DSA given C:/repo/SOC/SoC_301/2_GROUND_WORK/3_EMBEDDED_C_BASIC/1_DATA_TYPE/USART_HW_wrapper/hw/USART_HW_wrapper.xsa
TRACE::2026-09-10.23:43:05::SCWPlatform::DSA absoulate path C:/repo/SOC/SoC_301/2_GROUND_WORK/3_EMBEDDED_C_BASIC/1_DATA_TYPE/USART_HW_wrapper/hw/USART_HW_wrapper.xsa
TRACE::2026-09-10.23:43:05::SCWPlatform::DSA directory C:/repo/SOC/SoC_301/2_GROUND_WORK/3_EMBEDDED_C_BASIC/1_DATA_TYPE/USART_HW_wrapper/hw
TRACE::2026-09-10.23:43:05::SCWPlatform:: Platform Path C:/repo/SOC/SoC_301/2_GROUND_WORK/3_EMBEDDED_C_BASIC/1_DATA_TYPE/USART_HW_wrapper/hw/USART_HW_wrapper.xsa
TRACE::2026-09-10.23:43:05::SCWPlatform:: Unique name xilinx:zybo-z7-20::0.0
TRACE::2026-09-10.23:43:05::SCWPlatform::Trying to set the existing hwdb with name USART_HW_wrapper_0
TRACE::2026-09-10.23:43:05::SCWPlatform::Opened existing hwdb USART_HW_wrapper_0
TRACE::2026-09-10.23:43:05::SCWPlatform::Found the Hw Db part of the input DSA
TRACE::2026-09-10.23:43:05::SCWDomain::Qemu Directory name is changed from "" to "qemu"
TRACE::2026-09-10.23:43:05::SCWPlatform::Trying to open the hw design at C:/repo/SOC/SoC_301/2_GROUND_WORK/3_EMBEDDED_C_BASIC/1_DATA_TYPE/USART_HW_wrapper/hw/USART_HW_wrapper.xsa
TRACE::2026-09-10.23:43:05::SCWPlatform::DSA given C:/repo/SOC/SoC_301/2_GROUND_WORK/3_EMBEDDED_C_BASIC/1_DATA_TYPE/USART_HW_wrapper/hw/USART_HW_wrapper.xsa
TRACE::2026-09-10.23:43:05::SCWPlatform::DSA absoulate path C:/repo/SOC/SoC_301/2_GROUND_WORK/3_EMBEDDED_C_BASIC/1_DATA_TYPE/USART_HW_wrapper/hw/USART_HW_wrapper.xsa
TRACE::2026-09-10.23:43:05::SCWPlatform::DSA directory C:/repo/SOC/SoC_301/2_GROUND_WORK/3_EMBEDDED_C_BASIC/1_DATA_TYPE/USART_HW_wrapper/hw
TRACE::2026-09-10.23:43:05::SCWPlatform:: Platform Path C:/repo/SOC/SoC_301/2_GROUND_WORK/3_EMBEDDED_C_BASIC/1_DATA_TYPE/USART_HW_wrapper/hw/USART_HW_wrapper.xsa
TRACE::2026-09-10.23:43:05::SCWPlatform:: Unique name xilinx:zybo-z7-20::0.0
TRACE::2026-09-10.23:43:05::SCWPlatform::Trying to set the existing hwdb with name USART_HW_wrapper_0
TRACE::2026-09-10.23:43:05::SCWPlatform::Opened existing hwdb USART_HW_wrapper_0
TRACE::2026-09-10.23:43:05::SCWPlatform::Found the Hw Db part of the input DSA
TRACE::2026-09-10.23:43:05::SCWMssOS::Checking the sw design at  C:/repo/SOC/SoC_301/2_GROUND_WORK/3_EMBEDDED_C_BASIC/1_DATA_TYPE/USART_HW_wrapper/ps7_cortexa9_0/standalone_ps7_cortexa9_0/bsp/system.mss
TRACE::2026-09-10.23:43:05::SCWMssOS::DEBUG:  swdes dump  C:/repo/SOC/SoC_301/2_GROUND_WORK/3_EMBEDDED_C_BASIC/1_DATA_TYPE/USART_HW_wrapper/zynq_fsbl/zynq_fsbl_bsp/system.mss|system||

TRACE::2026-09-10.23:43:05::SCWMssOS::No sw design opened at  C:/repo/SOC/SoC_301/2_GROUND_WORK/3_EMBEDDED_C_BASIC/1_DATA_TYPE/USART_HW_wrapper/ps7_cortexa9_0/standalone_ps7_cortexa9_0/bsp/system.mss
TRACE::2026-09-10.23:43:05::SCWMssOS::mss does not exists at C:/repo/SOC/SoC_301/2_GROUND_WORK/3_EMBEDDED_C_BASIC/1_DATA_TYPE/USART_HW_wrapper/ps7_cortexa9_0/standalone_ps7_cortexa9_0/bsp/system.mss
TRACE::2026-09-10.23:43:05::SCWMssOS::Creating sw design at  C:/repo/SOC/SoC_301/2_GROUND_WORK/3_EMBEDDED_C_BASIC/1_DATA_TYPE/USART_HW_wrapper/ps7_cortexa9_0/standalone_ps7_cortexa9_0/bsp/system.mss
TRACE::2026-09-10.23:43:05::SCWMssOS::Adding the swdes entry, created swdb C:/repo/SOC/SoC_301/2_GROUND_WORK/3_EMBEDDED_C_BASIC/1_DATA_TYPE/USART_HW_wrapper/ps7_cortexa9_0/standalone_ps7_cortexa9_0/bsp/system.mss with des name C:/repo/SOC/SoC_301/2_GROUND_WORK/3_EMBEDDED_C_BASIC/1_DATA_TYPE/USART_HW_wrapper/ps7_cortexa9_0/standalone_ps7_cortexa9_0/bsp/system.mss
TRACE::2026-09-10.23:43:05::SCWMssOS::updating the scw layer changes to swdes at   C:/repo/SOC/SoC_301/2_GROUND_WORK/3_EMBEDDED_C_BASIC/1_DATA_TYPE/USART_HW_wrapper/ps7_cortexa9_0/standalone_ps7_cortexa9_0/bsp/system.mss
TRACE::2026-09-10.23:43:05::SCWMssOS::Writing mss at C:/repo/SOC/SoC_301/2_GROUND_WORK/3_EMBEDDED_C_BASIC/1_DATA_TYPE/USART_HW_wrapper/ps7_cortexa9_0/standalone_ps7_cortexa9_0/bsp/system.mss
TRACE::2026-09-10.23:43:05::SCWMssOS::Completed writing the mss file at C:/repo/SOC/SoC_301/2_GROUND_WORK/3_EMBEDDED_C_BASIC/1_DATA_TYPE/USART_HW_wrapper/ps7_cortexa9_0/standalone_ps7_cortexa9_0/bsp
TRACE::2026-09-10.23:43:05::SCWMssOS::Picking up changes from newly written mss file into SCW Layer. 
TRACE::2026-09-10.23:43:05::SCWMssOS::Updated the changes from newly written mss file into SCW Layer. 
TRACE::2026-09-10.23:43:05::SCWMssOS::Completed writing the mss file at C:/repo/SOC/SoC_301/2_GROUND_WORK/3_EMBEDDED_C_BASIC/1_DATA_TYPE/USART_HW_wrapper/ps7_cortexa9_0/standalone_ps7_cortexa9_0/bsp
TRACE::2026-09-10.23:43:05::SCWMssOS::Forcing BSP Sources regeneration.
TRACE::2026-09-10.23:43:07::SCWMssOS::Saving the mss changes C:/repo/SOC/SoC_301/2_GROUND_WORK/3_EMBEDDED_C_BASIC/1_DATA_TYPE/USART_HW_wrapper/zynq_fsbl/zynq_fsbl_bsp/system.mss
TRACE::2026-09-10.23:43:07::SCWMssOS::Found a swdesign opened with the mssfile.
TRACE::2026-09-10.23:43:07::SCWMssOS::Completed writemss as part of save.
TRACE::2026-09-10.23:43:07::SCWMssOS::Commit changes completed.
TRACE::2026-09-10.23:43:07::SCWMssOS::Saving the mss changes C:/repo/SOC/SoC_301/2_GROUND_WORK/3_EMBEDDED_C_BASIC/1_DATA_TYPE/USART_HW_wrapper/ps7_cortexa9_0/standalone_ps7_cortexa9_0/bsp/system.mss
TRACE::2026-09-10.23:43:07::SCWMssOS::Adding the swdes entry, mss present, able to open swdb C:/repo/SOC/SoC_301/2_GROUND_WORK/3_EMBEDDED_C_BASIC/1_DATA_TYPE/USART_HW_wrapper/ps7_cortexa9_0/standalone_ps7_cortexa9_0/bsp/system.mss with des name system_0
TRACE::2026-09-10.23:43:07::SCWMssOS::Writing the mss file completed C:/repo/SOC/SoC_301/2_GROUND_WORK/3_EMBEDDED_C_BASIC/1_DATA_TYPE/USART_HW_wrapper/ps7_cortexa9_0/standalone_ps7_cortexa9_0/bsp/system.mss
TRACE::2026-09-10.23:43:07::SCWMssOS::Commit changes completed.
TRACE::2026-09-10.23:43:07::SCWPlatform::Trying to open the hw design at C:/repo/SOC/SoC_301/2_GROUND_WORK/3_EMBEDDED_C_BASIC/1_DATA_TYPE/USART_HW_wrapper/hw/USART_HW_wrapper.xsa
TRACE::2026-09-10.23:43:07::SCWPlatform::DSA given C:/repo/SOC/SoC_301/2_GROUND_WORK/3_EMBEDDED_C_BASIC/1_DATA_TYPE/USART_HW_wrapper/hw/USART_HW_wrapper.xsa
TRACE::2026-09-10.23:43:07::SCWPlatform::DSA absoulate path C:/repo/SOC/SoC_301/2_GROUND_WORK/3_EMBEDDED_C_BASIC/1_DATA_TYPE/USART_HW_wrapper/hw/USART_HW_wrapper.xsa
TRACE::2026-09-10.23:43:07::SCWPlatform::DSA directory C:/repo/SOC/SoC_301/2_GROUND_WORK/3_EMBEDDED_C_BASIC/1_DATA_TYPE/USART_HW_wrapper/hw
TRACE::2026-09-10.23:43:07::SCWPlatform:: Platform Path C:/repo/SOC/SoC_301/2_GROUND_WORK/3_EMBEDDED_C_BASIC/1_DATA_TYPE/USART_HW_wrapper/hw/USART_HW_wrapper.xsa
TRACE::2026-09-10.23:43:07::SCWPlatform:: Unique name xilinx:zybo-z7-20::0.0
TRACE::2026-09-10.23:43:07::SCWPlatform::Trying to set the existing hwdb with name USART_HW_wrapper_0
TRACE::2026-09-10.23:43:07::SCWPlatform::Opened existing hwdb USART_HW_wrapper_0
TRACE::2026-09-10.23:43:07::SCWPlatform::Found the Hw Db part of the input DSA
TRACE::2026-09-10.23:43:07::SCWMssOS::Checking the sw design at  C:/repo/SOC/SoC_301/2_GROUND_WORK/3_EMBEDDED_C_BASIC/1_DATA_TYPE/USART_HW_wrapper/zynq_fsbl/zynq_fsbl_bsp/system.mss
TRACE::2026-09-10.23:43:07::SCWMssOS::DEBUG:  swdes dump  C:/repo/SOC/SoC_301/2_GROUND_WORK/3_EMBEDDED_C_BASIC/1_DATA_TYPE/USART_HW_wrapper/ps7_cortexa9_0/standalone_ps7_cortexa9_0/bsp/system.mss|system_0||
C:/repo/SOC/SoC_301/2_GROUND_WORK/3_EMBEDDED_C_BASIC/1_DATA_TYPE/USART_HW_wrapper/zynq_fsbl/zynq_fsbl_bsp/system.mss|system||

TRACE::2026-09-10.23:43:07::SCWMssOS::Sw design exists and opened at  C:/repo/SOC/SoC_301/2_GROUND_WORK/3_EMBEDDED_C_BASIC/1_DATA_TYPE/USART_HW_wrapper/zynq_fsbl/zynq_fsbl_bsp/system.mss
TRACE::2026-09-10.23:43:07::SCWPlatform::Trying to open the hw design at C:/repo/SOC/SoC_301/2_GROUND_WORK/3_EMBEDDED_C_BASIC/1_DATA_TYPE/USART_HW_wrapper/hw/USART_HW_wrapper.xsa
TRACE::2026-09-10.23:43:07::SCWPlatform::DSA given C:/repo/SOC/SoC_301/2_GROUND_WORK/3_EMBEDDED_C_BASIC/1_DATA_TYPE/USART_HW_wrapper/hw/USART_HW_wrapper.xsa
TRACE::2026-09-10.23:43:07::SCWPlatform::DSA absoulate path C:/repo/SOC/SoC_301/2_GROUND_WORK/3_EMBEDDED_C_BASIC/1_DATA_TYPE/USART_HW_wrapper/hw/USART_HW_wrapper.xsa
TRACE::2026-09-10.23:43:07::SCWPlatform::DSA directory C:/repo/SOC/SoC_301/2_GROUND_WORK/3_EMBEDDED_C_BASIC/1_DATA_TYPE/USART_HW_wrapper/hw
TRACE::2026-09-10.23:43:07::SCWPlatform:: Platform Path C:/repo/SOC/SoC_301/2_GROUND_WORK/3_EMBEDDED_C_BASIC/1_DATA_TYPE/USART_HW_wrapper/hw/USART_HW_wrapper.xsa
TRACE::2026-09-10.23:43:07::SCWPlatform:: Unique name xilinx:zybo-z7-20::0.0
TRACE::2026-09-10.23:43:07::SCWPlatform::Trying to set the existing hwdb with name USART_HW_wrapper_0
TRACE::2026-09-10.23:43:07::SCWPlatform::Opened existing hwdb USART_HW_wrapper_0
TRACE::2026-09-10.23:43:07::SCWPlatform::Found the Hw Db part of the input DSA
TRACE::2026-09-10.23:43:07::SCWMssOS::Checking the sw design at  C:/repo/SOC/SoC_301/2_GROUND_WORK/3_EMBEDDED_C_BASIC/1_DATA_TYPE/USART_HW_wrapper/zynq_fsbl/zynq_fsbl_bsp/system.mss
TRACE::2026-09-10.23:43:07::SCWMssOS::DEBUG:  swdes dump  C:/repo/SOC/SoC_301/2_GROUND_WORK/3_EMBEDDED_C_BASIC/1_DATA_TYPE/USART_HW_wrapper/ps7_cortexa9_0/standalone_ps7_cortexa9_0/bsp/system.mss|system_0||
C:/repo/SOC/SoC_301/2_GROUND_WORK/3_EMBEDDED_C_BASIC/1_DATA_TYPE/USART_HW_wrapper/zynq_fsbl/zynq_fsbl_bsp/system.mss|system||

TRACE::2026-09-10.23:43:07::SCWMssOS::Sw design exists and opened at  C:/repo/SOC/SoC_301/2_GROUND_WORK/3_EMBEDDED_C_BASIC/1_DATA_TYPE/USART_HW_wrapper/zynq_fsbl/zynq_fsbl_bsp/system.mss
TRACE::2026-09-10.23:43:07::SCWPlatform::Trying to open the hw design at C:/repo/SOC/SoC_301/2_GROUND_WORK/3_EMBEDDED_C_BASIC/1_DATA_TYPE/USART_HW_wrapper/hw/USART_HW_wrapper.xsa
TRACE::2026-09-10.23:43:07::SCWPlatform::DSA given C:/repo/SOC/SoC_301/2_GROUND_WORK/3_EMBEDDED_C_BASIC/1_DATA_TYPE/USART_HW_wrapper/hw/USART_HW_wrapper.xsa
TRACE::2026-09-10.23:43:07::SCWPlatform::DSA absoulate path C:/repo/SOC/SoC_301/2_GROUND_WORK/3_EMBEDDED_C_BASIC/1_DATA_TYPE/USART_HW_wrapper/hw/USART_HW_wrapper.xsa
TRACE::2026-09-10.23:43:07::SCWPlatform::DSA directory C:/repo/SOC/SoC_301/2_GROUND_WORK/3_EMBEDDED_C_BASIC/1_DATA_TYPE/USART_HW_wrapper/hw
TRACE::2026-09-10.23:43:07::SCWPlatform:: Platform Path C:/repo/SOC/SoC_301/2_GROUND_WORK/3_EMBEDDED_C_BASIC/1_DATA_TYPE/USART_HW_wrapper/hw/USART_HW_wrapper.xsa
TRACE::2026-09-10.23:43:07::SCWPlatform:: Unique name xilinx:zybo-z7-20::0.0
TRACE::2026-09-10.23:43:07::SCWPlatform::Trying to set the existing hwdb with name USART_HW_wrapper_0
TRACE::2026-09-10.23:43:07::SCWPlatform::Opened existing hwdb USART_HW_wrapper_0
TRACE::2026-09-10.23:43:07::SCWPlatform::Found the Hw Db part of the input DSA
TRACE::2026-09-10.23:43:07::SCWMssOS::Checking the sw design at  C:/repo/SOC/SoC_301/2_GROUND_WORK/3_EMBEDDED_C_BASIC/1_DATA_TYPE/USART_HW_wrapper/zynq_fsbl/zynq_fsbl_bsp/system.mss
TRACE::2026-09-10.23:43:07::SCWMssOS::DEBUG:  swdes dump  C:/repo/SOC/SoC_301/2_GROUND_WORK/3_EMBEDDED_C_BASIC/1_DATA_TYPE/USART_HW_wrapper/ps7_cortexa9_0/standalone_ps7_cortexa9_0/bsp/system.mss|system_0||
C:/repo/SOC/SoC_301/2_GROUND_WORK/3_EMBEDDED_C_BASIC/1_DATA_TYPE/USART_HW_wrapper/zynq_fsbl/zynq_fsbl_bsp/system.mss|system||

TRACE::2026-09-10.23:43:07::SCWMssOS::Sw design exists and opened at  C:/repo/SOC/SoC_301/2_GROUND_WORK/3_EMBEDDED_C_BASIC/1_DATA_TYPE/USART_HW_wrapper/zynq_fsbl/zynq_fsbl_bsp/system.mss
TRACE::2026-09-10.23:43:07::SCWPlatform::Trying to open the hw design at C:/repo/SOC/SoC_301/2_GROUND_WORK/3_EMBEDDED_C_BASIC/1_DATA_TYPE/USART_HW_wrapper/hw/USART_HW_wrapper.xsa
TRACE::2026-09-10.23:43:07::SCWPlatform::DSA given C:/repo/SOC/SoC_301/2_GROUND_WORK/3_EMBEDDED_C_BASIC/1_DATA_TYPE/USART_HW_wrapper/hw/USART_HW_wrapper.xsa
TRACE::2026-09-10.23:43:07::SCWPlatform::DSA absoulate path C:/repo/SOC/SoC_301/2_GROUND_WORK/3_EMBEDDED_C_BASIC/1_DATA_TYPE/USART_HW_wrapper/hw/USART_HW_wrapper.xsa
TRACE::2026-09-10.23:43:07::SCWPlatform::DSA directory C:/repo/SOC/SoC_301/2_GROUND_WORK/3_EMBEDDED_C_BASIC/1_DATA_TYPE/USART_HW_wrapper/hw
TRACE::2026-09-10.23:43:07::SCWPlatform:: Platform Path C:/repo/SOC/SoC_301/2_GROUND_WORK/3_EMBEDDED_C_BASIC/1_DATA_TYPE/USART_HW_wrapper/hw/USART_HW_wrapper.xsa
TRACE::2026-09-10.23:43:07::SCWPlatform:: Unique name xilinx:zybo-z7-20::0.0
TRACE::2026-09-10.23:43:07::SCWPlatform::Trying to set the existing hwdb with name USART_HW_wrapper_0
TRACE::2026-09-10.23:43:07::SCWPlatform::Opened existing hwdb USART_HW_wrapper_0
TRACE::2026-09-10.23:43:07::SCWPlatform::Found the Hw Db part of the input DSA
TRACE::2026-09-10.23:43:07::SCWMssOS::Checking the sw design at  C:/repo/SOC/SoC_301/2_GROUND_WORK/3_EMBEDDED_C_BASIC/1_DATA_TYPE/USART_HW_wrapper/ps7_cortexa9_0/standalone_ps7_cortexa9_0/bsp/system.mss
TRACE::2026-09-10.23:43:07::SCWMssOS::DEBUG:  swdes dump  C:/repo/SOC/SoC_301/2_GROUND_WORK/3_EMBEDDED_C_BASIC/1_DATA_TYPE/USART_HW_wrapper/ps7_cortexa9_0/standalone_ps7_cortexa9_0/bsp/system.mss|system_0||
C:/repo/SOC/SoC_301/2_GROUND_WORK/3_EMBEDDED_C_BASIC/1_DATA_TYPE/USART_HW_wrapper/zynq_fsbl/zynq_fsbl_bsp/system.mss|system||

TRACE::2026-09-10.23:43:07::SCWMssOS::Sw design exists and opened at  C:/repo/SOC/SoC_301/2_GROUND_WORK/3_EMBEDDED_C_BASIC/1_DATA_TYPE/USART_HW_wrapper/ps7_cortexa9_0/standalone_ps7_cortexa9_0/bsp/system.mss
TRACE::2026-09-10.23:43:07::SCWPlatform::Trying to open the hw design at C:/repo/SOC/SoC_301/2_GROUND_WORK/3_EMBEDDED_C_BASIC/1_DATA_TYPE/USART_HW_wrapper/hw/USART_HW_wrapper.xsa
TRACE::2026-09-10.23:43:07::SCWPlatform::DSA given C:/repo/SOC/SoC_301/2_GROUND_WORK/3_EMBEDDED_C_BASIC/1_DATA_TYPE/USART_HW_wrapper/hw/USART_HW_wrapper.xsa
TRACE::2026-09-10.23:43:07::SCWPlatform::DSA absoulate path C:/repo/SOC/SoC_301/2_GROUND_WORK/3_EMBEDDED_C_BASIC/1_DATA_TYPE/USART_HW_wrapper/hw/USART_HW_wrapper.xsa
TRACE::2026-09-10.23:43:07::SCWPlatform::DSA directory C:/repo/SOC/SoC_301/2_GROUND_WORK/3_EMBEDDED_C_BASIC/1_DATA_TYPE/USART_HW_wrapper/hw
TRACE::2026-09-10.23:43:07::SCWPlatform:: Platform Path C:/repo/SOC/SoC_301/2_GROUND_WORK/3_EMBEDDED_C_BASIC/1_DATA_TYPE/USART_HW_wrapper/hw/USART_HW_wrapper.xsa
TRACE::2026-09-10.23:43:07::SCWPlatform:: Unique name xilinx:zybo-z7-20::0.0
TRACE::2026-09-10.23:43:07::SCWPlatform::Trying to set the existing hwdb with name USART_HW_wrapper_0
TRACE::2026-09-10.23:43:07::SCWPlatform::Opened existing hwdb USART_HW_wrapper_0
TRACE::2026-09-10.23:43:07::SCWPlatform::Found the Hw Db part of the input DSA
TRACE::2026-09-10.23:43:07::SCWMssOS::Checking the sw design at  C:/repo/SOC/SoC_301/2_GROUND_WORK/3_EMBEDDED_C_BASIC/1_DATA_TYPE/USART_HW_wrapper/ps7_cortexa9_0/standalone_ps7_cortexa9_0/bsp/system.mss
TRACE::2026-09-10.23:43:07::SCWMssOS::DEBUG:  swdes dump  C:/repo/SOC/SoC_301/2_GROUND_WORK/3_EMBEDDED_C_BASIC/1_DATA_TYPE/USART_HW_wrapper/ps7_cortexa9_0/standalone_ps7_cortexa9_0/bsp/system.mss|system_0||
C:/repo/SOC/SoC_301/2_GROUND_WORK/3_EMBEDDED_C_BASIC/1_DATA_TYPE/USART_HW_wrapper/zynq_fsbl/zynq_fsbl_bsp/system.mss|system||

TRACE::2026-09-10.23:43:07::SCWMssOS::Sw design exists and opened at  C:/repo/SOC/SoC_301/2_GROUND_WORK/3_EMBEDDED_C_BASIC/1_DATA_TYPE/USART_HW_wrapper/ps7_cortexa9_0/standalone_ps7_cortexa9_0/bsp/system.mss
TRACE::2026-09-10.23:43:07::SCWPlatform::Trying to open the hw design at C:/repo/SOC/SoC_301/2_GROUND_WORK/3_EMBEDDED_C_BASIC/1_DATA_TYPE/USART_HW_wrapper/hw/USART_HW_wrapper.xsa
TRACE::2026-09-10.23:43:07::SCWPlatform::DSA given C:/repo/SOC/SoC_301/2_GROUND_WORK/3_EMBEDDED_C_BASIC/1_DATA_TYPE/USART_HW_wrapper/hw/USART_HW_wrapper.xsa
TRACE::2026-09-10.23:43:07::SCWPlatform::DSA absoulate path C:/repo/SOC/SoC_301/2_GROUND_WORK/3_EMBEDDED_C_BASIC/1_DATA_TYPE/USART_HW_wrapper/hw/USART_HW_wrapper.xsa
TRACE::2026-09-10.23:43:07::SCWPlatform::DSA directory C:/repo/SOC/SoC_301/2_GROUND_WORK/3_EMBEDDED_C_BASIC/1_DATA_TYPE/USART_HW_wrapper/hw
TRACE::2026-09-10.23:43:07::SCWPlatform:: Platform Path C:/repo/SOC/SoC_301/2_GROUND_WORK/3_EMBEDDED_C_BASIC/1_DATA_TYPE/USART_HW_wrapper/hw/USART_HW_wrapper.xsa
TRACE::2026-09-10.23:43:07::SCWPlatform:: Unique name xilinx:zybo-z7-20::0.0
TRACE::2026-09-10.23:43:07::SCWPlatform::Trying to set the existing hwdb with name USART_HW_wrapper_0
TRACE::2026-09-10.23:43:07::SCWPlatform::Opened existing hwdb USART_HW_wrapper_0
TRACE::2026-09-10.23:43:07::SCWPlatform::Found the Hw Db part of the input DSA
TRACE::2026-09-10.23:43:07::SCWMssOS::Checking the sw design at  C:/repo/SOC/SoC_301/2_GROUND_WORK/3_EMBEDDED_C_BASIC/1_DATA_TYPE/USART_HW_wrapper/ps7_cortexa9_0/standalone_ps7_cortexa9_0/bsp/system.mss
TRACE::2026-09-10.23:43:07::SCWMssOS::DEBUG:  swdes dump  C:/repo/SOC/SoC_301/2_GROUND_WORK/3_EMBEDDED_C_BASIC/1_DATA_TYPE/USART_HW_wrapper/ps7_cortexa9_0/standalone_ps7_cortexa9_0/bsp/system.mss|system_0||
C:/repo/SOC/SoC_301/2_GROUND_WORK/3_EMBEDDED_C_BASIC/1_DATA_TYPE/USART_HW_wrapper/zynq_fsbl/zynq_fsbl_bsp/system.mss|system||

TRACE::2026-09-10.23:43:07::SCWMssOS::Sw design exists and opened at  C:/repo/SOC/SoC_301/2_GROUND_WORK/3_EMBEDDED_C_BASIC/1_DATA_TYPE/USART_HW_wrapper/ps7_cortexa9_0/standalone_ps7_cortexa9_0/bsp/system.mss
TRACE::2026-09-10.23:43:07::SCWWriter::formatted JSON is {
	"platformName":	"USART_HW_wrapper",
	"sprVersion":	"2.0",
	"mode":	"gui",
	"dsaType":	"Fixed",
	"platformDesc":	"USART_HW_wrapper",
	"platHandOff":	"C:/repo/SOC/SoC_301/2_GROUND_WORK/2_PS_BASIC/1_USART_CONNECTION_HW/USART_HW_wrapper.xsa",
	"platIntHandOff":	"<platformDir>/hw/USART_HW_wrapper.xsa",
	"deviceType":	"zynq",
	"platIsPrebuiltAutogen":	"false",
	"platIsNoBootBsp":	"false",
	"platFsblTarget":	"ps7_cortexa9_0",
	"hasFsblMakeHasChanges":	"false",
	"hasPmufwMakeHasChanges":	"false",
	"fsblExtraCompilerFlags":	"-MMD -MP       -mcpu=cortex-a9 -mfpu=vfpv3 -mfloat-abi=hard ",
	"platPreBuiltFlag":	false,
	"platformSamplesDir":	"",
	"platActiveSys":	"USART_HW_wrapper",
	"systems":	[{
			"systemName":	"USART_HW_wrapper",
			"systemDesc":	"USART_HW_wrapper",
			"sysIsBootAutoGen":	"true",
			"systemDispName":	"USART_HW_wrapper",
			"sysActiveDom":	"standalone_ps7_cortexa9_0",
			"sysDefaultDom":	"standalone_ps7_cortexa9_0",
			"domains":	[{
					"domainName":	"zynq_fsbl",
					"domainDispName":	"zynq_fsbl",
					"domainDesc":	"FSBL Application BSP - Auto Generated.",
					"processors":	"ps7_cortexa9_0",
					"os":	"standalone",
					"sdxOs":	"standalone",
					"debugEnable":	"",
					"domRuntimes":	["cpp"],
					"swRepo":	"",
					"mssOsVer":	"9.2",
					"mssFile":	"",
					"md5Digest":	"0d85eb7594d9e7e2c8af45a785783646",
					"compatibleApp":	"zynq_fsbl",
					"domType":	"bootDomain",
					"arch":	"32-bit",
					"appSettings":	{
						"appCompilerFlags":	"",
						"appLinkerFlags":	""
					},
					"addedLibs":	["xilffs:5.3", "xilrsa:1.8"],
					"libOptions":	{
						"libsContainingOptions":	[]
					},
					"prebuiltLibs":	{
						"prebuiltIncPath":	[],
						"prebuiltLibPath":	[]
					},
					"isolation":	{
					}
				}, {
					"domainName":	"standalone_ps7_cortexa9_0",
					"domainDispName":	"standalone_ps7_cortexa9_0",
					"domainDesc":	"standalone_ps7_cortexa9_0",
					"processors":	"ps7_cortexa9_0",
					"os":	"standalone",
					"sdxOs":	"standalone",
					"qemuArgs":	"<platformDir>/resources/USART_HW_wrapper/standalone_ps7_cortexa9_0/qemu_args.txt",
					"qemuData":	"<platformDir>/resources/USART_HW_wrapper/standalone_ps7_cortexa9_0/qemu",
					"debugEnable":	"False",
					"domRuntimes":	["cpp"],
					"swRepo":	"",
					"mssOsVer":	"9.2",
					"mssFile":	"",
					"md5Digest":	"6c4fd263b60a06a02b9d485d16afff8a",
					"compatibleApp":	"hello_world",
					"domType":	"mssDomain",
					"arch":	"32-bit",
					"appSettings":	{
						"appCompilerFlags":	"",
						"appLinkerFlags":	""
					},
					"addedLibs":	[],
					"libOptions":	{
						"libsContainingOptions":	[]
					},
					"prebuiltLibs":	{
						"prebuiltIncPath":	[],
						"prebuiltLibPath":	[]
					},
					"isolation":	{
					}
				}]
		}]
}
LOG::2026-09-10.23:43:07::SCWPlatform::Started generating the artifacts platform USART_HW_wrapper
TRACE::2026-09-10.23:43:07::SCWPlatform::Sanity checking of platform is completed
LOG::2026-09-10.23:43:07::SCWPlatform::Started generating the artifacts for system configuration USART_HW_wrapper
LOG::2026-09-10.23:43:07::SCWSystem::Checking the domain zynq_fsbl
LOG::2026-09-10.23:43:07::SCWSystem::Doing application build for :  zynq_fsbl
TRACE::2026-09-10.23:43:07::SCWBDomain::Not a forced makefile updation, No changes are present. 
TRACE::2026-09-10.23:43:07::SCWDomain::Skipping the build for domain :  zynq_fsbl
LOG::2026-09-10.23:43:07::SCWSystem::Checking the domain standalone_ps7_cortexa9_0
LOG::2026-09-10.23:43:07::SCWSystem::Not a boot domain 
LOG::2026-09-10.23:43:07::SCWSystem::Started Processing the domain standalone_ps7_cortexa9_0
TRACE::2026-09-10.23:43:07::SCWDomain::Generating domain artifcats
TRACE::2026-09-10.23:43:07::SCWMssOS::Generating standalone artifcats
TRACE::2026-09-10.23:43:07::SCWMssOS::Copying the qemu file from  C:/repo/SOC/SoC_301/2_GROUND_WORK/3_EMBEDDED_C_BASIC/1_DATA_TYPE/USART_HW_wrapper/resources/USART_HW_wrapper/standalone_ps7_cortexa9_0/qemu_args.txt To C:/repo/SOC/SoC_301/2_GROUND_WORK/3_EMBEDDED_C_BASIC/1_DATA_TYPE/USART_HW_wrapper/export/USART_HW_wrapper/sw/USART_HW_wrapper/qemu/
TRACE::2026-09-10.23:43:07::SCWMssOS::Copying the qemu file from  C:/repo/SOC/SoC_301/2_GROUND_WORK/3_EMBEDDED_C_BASIC/1_DATA_TYPE/USART_HW_wrapper/resources/USART_HW_wrapper/standalone_ps7_cortexa9_0/qemu_args.txt To C:/repo/SOC/SoC_301/2_GROUND_WORK/3_EMBEDDED_C_BASIC/1_DATA_TYPE/USART_HW_wrapper/export/USART_HW_wrapper/sw/USART_HW_wrapper/standalone_ps7_cortexa9_0/qemu/
TRACE::2026-09-10.23:43:07::SCWMssOS:: Copying the user libraries. 
TRACE::2026-09-10.23:43:07::SCWPlatform::Trying to open the hw design at C:/repo/SOC/SoC_301/2_GROUND_WORK/3_EMBEDDED_C_BASIC/1_DATA_TYPE/USART_HW_wrapper/hw/USART_HW_wrapper.xsa
TRACE::2026-09-10.23:43:07::SCWPlatform::DSA given C:/repo/SOC/SoC_301/2_GROUND_WORK/3_EMBEDDED_C_BASIC/1_DATA_TYPE/USART_HW_wrapper/hw/USART_HW_wrapper.xsa
TRACE::2026-09-10.23:43:07::SCWPlatform::DSA absoulate path C:/repo/SOC/SoC_301/2_GROUND_WORK/3_EMBEDDED_C_BASIC/1_DATA_TYPE/USART_HW_wrapper/hw/USART_HW_wrapper.xsa
TRACE::2026-09-10.23:43:07::SCWPlatform::DSA directory C:/repo/SOC/SoC_301/2_GROUND_WORK/3_EMBEDDED_C_BASIC/1_DATA_TYPE/USART_HW_wrapper/hw
TRACE::2026-09-10.23:43:07::SCWPlatform:: Platform Path C:/repo/SOC/SoC_301/2_GROUND_WORK/3_EMBEDDED_C_BASIC/1_DATA_TYPE/USART_HW_wrapper/hw/USART_HW_wrapper.xsa
TRACE::2026-09-10.23:43:07::SCWPlatform:: Unique name xilinx:zybo-z7-20::0.0
TRACE::2026-09-10.23:43:07::SCWPlatform::Trying to set the existing hwdb with name USART_HW_wrapper_0
TRACE::2026-09-10.23:43:07::SCWPlatform::Opened existing hwdb USART_HW_wrapper_0
TRACE::2026-09-10.23:43:07::SCWPlatform::Found the Hw Db part of the input DSA
TRACE::2026-09-10.23:43:07::SCWMssOS::Checking the sw design at  C:/repo/SOC/SoC_301/2_GROUND_WORK/3_EMBEDDED_C_BASIC/1_DATA_TYPE/USART_HW_wrapper/ps7_cortexa9_0/standalone_ps7_cortexa9_0/bsp/system.mss
TRACE::2026-09-10.23:43:07::SCWMssOS::DEBUG:  swdes dump  C:/repo/SOC/SoC_301/2_GROUND_WORK/3_EMBEDDED_C_BASIC/1_DATA_TYPE/USART_HW_wrapper/ps7_cortexa9_0/standalone_ps7_cortexa9_0/bsp/system.mss|system_0||
C:/repo/SOC/SoC_301/2_GROUND_WORK/3_EMBEDDED_C_BASIC/1_DATA_TYPE/USART_HW_wrapper/zynq_fsbl/zynq_fsbl_bsp/system.mss|system||

TRACE::2026-09-10.23:43:07::SCWMssOS::Sw design exists and opened at  C:/repo/SOC/SoC_301/2_GROUND_WORK/3_EMBEDDED_C_BASIC/1_DATA_TYPE/USART_HW_wrapper/ps7_cortexa9_0/standalone_ps7_cortexa9_0/bsp/system.mss
TRACE::2026-09-10.23:43:07::SCWMssOS::Completed writing the mss file at C:/repo/SOC/SoC_301/2_GROUND_WORK/3_EMBEDDED_C_BASIC/1_DATA_TYPE/USART_HW_wrapper/ps7_cortexa9_0/standalone_ps7_cortexa9_0/bsp
TRACE::2026-09-10.23:43:07::SCWMssOS::Mss edits present, copying mssfile into export location C:/repo/SOC/SoC_301/2_GROUND_WORK/3_EMBEDDED_C_BASIC/1_DATA_TYPE/USART_HW_wrapper/ps7_cortexa9_0/standalone_ps7_cortexa9_0/bsp/system.mss
TRACE::2026-09-10.23:43:07::SCWMssOS::bsp generated is upto date with the mss file. Skipping bsp generation.
TRACE::2026-09-10.23:43:07::SCWMssOS::BSP is already built. skipping the bsp build ... 
TRACE::2026-09-10.23:43:07::SCWDomain::Skipping the build for domain :  standalone_ps7_cortexa9_0
TRACE::2026-09-10.23:43:07::SCWMssOS::skipping the bsp build ... 
TRACE::2026-09-10.23:43:07::SCWMssOS::Copying to export directory.
TRACE::2026-09-10.23:43:07::SCWMssOS:: Checking if to create the Supporting Applications
TRACE::2026-09-10.23:43:07::SCWMssOS:: No Linux domain exists, trying to generate FSBL 
TRACE::2026-09-10.23:43:07::SCWMssOS:: Completed Standalone Artifacts creation 
LOG::2026-09-10.23:43:07::SCWSystem::Completed Processing the domain standalone_ps7_cortexa9_0
LOG::2026-09-10.23:43:07::SCWSystem::Completed Processing the sysconfig USART_HW_wrapper
LOG::2026-09-10.23:43:07::SCWPlatform::Completed generating the artifacts for system configuration USART_HW_wrapper
TRACE::2026-09-10.23:43:07::SCWPlatform::Started preparing the platform 
TRACE::2026-09-10.23:43:07::SCWSystem::Writing the bif file for system config USART_HW_wrapper
TRACE::2026-09-10.23:43:07::SCWSystem::dir created 
TRACE::2026-09-10.23:43:07::SCWSystem::Writing the bif 
TRACE::2026-09-10.23:43:07::SCWPlatform::Started writing the spfm file 
TRACE::2026-09-10.23:43:07::SCWPlatform::Started writing the xpfm file 
TRACE::2026-09-10.23:43:07::SCWPlatform::Completed generating the platform
TRACE::2026-09-10.23:43:07::SCWMssOS::Saving the mss changes C:/repo/SOC/SoC_301/2_GROUND_WORK/3_EMBEDDED_C_BASIC/1_DATA_TYPE/USART_HW_wrapper/zynq_fsbl/zynq_fsbl_bsp/system.mss
TRACE::2026-09-10.23:43:07::SCWMssOS::Found a swdesign opened with the mssfile.
TRACE::2026-09-10.23:43:07::SCWMssOS::Completed writemss as part of save.
TRACE::2026-09-10.23:43:07::SCWMssOS::Commit changes completed.
TRACE::2026-09-10.23:43:07::SCWMssOS::Saving the mss changes C:/repo/SOC/SoC_301/2_GROUND_WORK/3_EMBEDDED_C_BASIC/1_DATA_TYPE/USART_HW_wrapper/ps7_cortexa9_0/standalone_ps7_cortexa9_0/bsp/system.mss
TRACE::2026-09-10.23:43:07::SCWMssOS::Found a swdesign opened with the mssfile.
TRACE::2026-09-10.23:43:07::SCWMssOS::Completed writemss as part of save.
TRACE::2026-09-10.23:43:07::SCWMssOS::Commit changes completed.
TRACE::2026-09-10.23:43:07::SCWPlatform::Trying to open the hw design at C:/repo/SOC/SoC_301/2_GROUND_WORK/3_EMBEDDED_C_BASIC/1_DATA_TYPE/USART_HW_wrapper/hw/USART_HW_wrapper.xsa
TRACE::2026-09-10.23:43:07::SCWPlatform::DSA given C:/repo/SOC/SoC_301/2_GROUND_WORK/3_EMBEDDED_C_BASIC/1_DATA_TYPE/USART_HW_wrapper/hw/USART_HW_wrapper.xsa
TRACE::2026-09-10.23:43:07::SCWPlatform::DSA absoulate path C:/repo/SOC/SoC_301/2_GROUND_WORK/3_EMBEDDED_C_BASIC/1_DATA_TYPE/USART_HW_wrapper/hw/USART_HW_wrapper.xsa
TRACE::2026-09-10.23:43:07::SCWPlatform::DSA directory C:/repo/SOC/SoC_301/2_GROUND_WORK/3_EMBEDDED_C_BASIC/1_DATA_TYPE/USART_HW_wrapper/hw
TRACE::2026-09-10.23:43:07::SCWPlatform:: Platform Path C:/repo/SOC/SoC_301/2_GROUND_WORK/3_EMBEDDED_C_BASIC/1_DATA_TYPE/USART_HW_wrapper/hw/USART_HW_wrapper.xsa
TRACE::2026-09-10.23:43:07::SCWPlatform:: Unique name xilinx:zybo-z7-20::0.0
TRACE::2026-09-10.23:43:07::SCWPlatform::Trying to set the existing hwdb with name USART_HW_wrapper_0
TRACE::2026-09-10.23:43:07::SCWPlatform::Opened existing hwdb USART_HW_wrapper_0
TRACE::2026-09-10.23:43:07::SCWPlatform::Found the Hw Db part of the input DSA
TRACE::2026-09-10.23:43:07::SCWMssOS::Checking the sw design at  C:/repo/SOC/SoC_301/2_GROUND_WORK/3_EMBEDDED_C_BASIC/1_DATA_TYPE/USART_HW_wrapper/zynq_fsbl/zynq_fsbl_bsp/system.mss
TRACE::2026-09-10.23:43:07::SCWMssOS::DEBUG:  swdes dump  C:/repo/SOC/SoC_301/2_GROUND_WORK/3_EMBEDDED_C_BASIC/1_DATA_TYPE/USART_HW_wrapper/ps7_cortexa9_0/standalone_ps7_cortexa9_0/bsp/system.mss|system_0||
C:/repo/SOC/SoC_301/2_GROUND_WORK/3_EMBEDDED_C_BASIC/1_DATA_TYPE/USART_HW_wrapper/zynq_fsbl/zynq_fsbl_bsp/system.mss|system||

TRACE::2026-09-10.23:43:07::SCWMssOS::Sw design exists and opened at  C:/repo/SOC/SoC_301/2_GROUND_WORK/3_EMBEDDED_C_BASIC/1_DATA_TYPE/USART_HW_wrapper/zynq_fsbl/zynq_fsbl_bsp/system.mss
TRACE::2026-09-10.23:43:07::SCWPlatform::Trying to open the hw design at C:/repo/SOC/SoC_301/2_GROUND_WORK/3_EMBEDDED_C_BASIC/1_DATA_TYPE/USART_HW_wrapper/hw/USART_HW_wrapper.xsa
TRACE::2026-09-10.23:43:07::SCWPlatform::DSA given C:/repo/SOC/SoC_301/2_GROUND_WORK/3_EMBEDDED_C_BASIC/1_DATA_TYPE/USART_HW_wrapper/hw/USART_HW_wrapper.xsa
TRACE::2026-09-10.23:43:07::SCWPlatform::DSA absoulate path C:/repo/SOC/SoC_301/2_GROUND_WORK/3_EMBEDDED_C_BASIC/1_DATA_TYPE/USART_HW_wrapper/hw/USART_HW_wrapper.xsa
TRACE::2026-09-10.23:43:07::SCWPlatform::DSA directory C:/repo/SOC/SoC_301/2_GROUND_WORK/3_EMBEDDED_C_BASIC/1_DATA_TYPE/USART_HW_wrapper/hw
TRACE::2026-09-10.23:43:07::SCWPlatform:: Platform Path C:/repo/SOC/SoC_301/2_GROUND_WORK/3_EMBEDDED_C_BASIC/1_DATA_TYPE/USART_HW_wrapper/hw/USART_HW_wrapper.xsa
TRACE::2026-09-10.23:43:07::SCWPlatform:: Unique name xilinx:zybo-z7-20::0.0
TRACE::2026-09-10.23:43:07::SCWPlatform::Trying to set the existing hwdb with name USART_HW_wrapper_0
TRACE::2026-09-10.23:43:07::SCWPlatform::Opened existing hwdb USART_HW_wrapper_0
TRACE::2026-09-10.23:43:07::SCWPlatform::Found the Hw Db part of the input DSA
TRACE::2026-09-10.23:43:07::SCWMssOS::Checking the sw design at  C:/repo/SOC/SoC_301/2_GROUND_WORK/3_EMBEDDED_C_BASIC/1_DATA_TYPE/USART_HW_wrapper/zynq_fsbl/zynq_fsbl_bsp/system.mss
TRACE::2026-09-10.23:43:07::SCWMssOS::DEBUG:  swdes dump  C:/repo/SOC/SoC_301/2_GROUND_WORK/3_EMBEDDED_C_BASIC/1_DATA_TYPE/USART_HW_wrapper/ps7_cortexa9_0/standalone_ps7_cortexa9_0/bsp/system.mss|system_0||
C:/repo/SOC/SoC_301/2_GROUND_WORK/3_EMBEDDED_C_BASIC/1_DATA_TYPE/USART_HW_wrapper/zynq_fsbl/zynq_fsbl_bsp/system.mss|system||

TRACE::2026-09-10.23:43:07::SCWMssOS::Sw design exists and opened at  C:/repo/SOC/SoC_301/2_GROUND_WORK/3_EMBEDDED_C_BASIC/1_DATA_TYPE/USART_HW_wrapper/zynq_fsbl/zynq_fsbl_bsp/system.mss
TRACE::2026-09-10.23:43:07::SCWPlatform::Trying to open the hw design at C:/repo/SOC/SoC_301/2_GROUND_WORK/3_EMBEDDED_C_BASIC/1_DATA_TYPE/USART_HW_wrapper/hw/USART_HW_wrapper.xsa
TRACE::2026-09-10.23:43:07::SCWPlatform::DSA given C:/repo/SOC/SoC_301/2_GROUND_WORK/3_EMBEDDED_C_BASIC/1_DATA_TYPE/USART_HW_wrapper/hw/USART_HW_wrapper.xsa
TRACE::2026-09-10.23:43:07::SCWPlatform::DSA absoulate path C:/repo/SOC/SoC_301/2_GROUND_WORK/3_EMBEDDED_C_BASIC/1_DATA_TYPE/USART_HW_wrapper/hw/USART_HW_wrapper.xsa
TRACE::2026-09-10.23:43:07::SCWPlatform::DSA directory C:/repo/SOC/SoC_301/2_GROUND_WORK/3_EMBEDDED_C_BASIC/1_DATA_TYPE/USART_HW_wrapper/hw
TRACE::2026-09-10.23:43:07::SCWPlatform:: Platform Path C:/repo/SOC/SoC_301/2_GROUND_WORK/3_EMBEDDED_C_BASIC/1_DATA_TYPE/USART_HW_wrapper/hw/USART_HW_wrapper.xsa
TRACE::2026-09-10.23:43:07::SCWPlatform:: Unique name xilinx:zybo-z7-20::0.0
TRACE::2026-09-10.23:43:07::SCWPlatform::Trying to set the existing hwdb with name USART_HW_wrapper_0
TRACE::2026-09-10.23:43:07::SCWPlatform::Opened existing hwdb USART_HW_wrapper_0
TRACE::2026-09-10.23:43:07::SCWPlatform::Found the Hw Db part of the input DSA
TRACE::2026-09-10.23:43:07::SCWMssOS::Checking the sw design at  C:/repo/SOC/SoC_301/2_GROUND_WORK/3_EMBEDDED_C_BASIC/1_DATA_TYPE/USART_HW_wrapper/zynq_fsbl/zynq_fsbl_bsp/system.mss
TRACE::2026-09-10.23:43:07::SCWMssOS::DEBUG:  swdes dump  C:/repo/SOC/SoC_301/2_GROUND_WORK/3_EMBEDDED_C_BASIC/1_DATA_TYPE/USART_HW_wrapper/ps7_cortexa9_0/standalone_ps7_cortexa9_0/bsp/system.mss|system_0||
C:/repo/SOC/SoC_301/2_GROUND_WORK/3_EMBEDDED_C_BASIC/1_DATA_TYPE/USART_HW_wrapper/zynq_fsbl/zynq_fsbl_bsp/system.mss|system||

TRACE::2026-09-10.23:43:07::SCWMssOS::Sw design exists and opened at  C:/repo/SOC/SoC_301/2_GROUND_WORK/3_EMBEDDED_C_BASIC/1_DATA_TYPE/USART_HW_wrapper/zynq_fsbl/zynq_fsbl_bsp/system.mss
TRACE::2026-09-10.23:43:07::SCWPlatform::Trying to open the hw design at C:/repo/SOC/SoC_301/2_GROUND_WORK/3_EMBEDDED_C_BASIC/1_DATA_TYPE/USART_HW_wrapper/hw/USART_HW_wrapper.xsa
TRACE::2026-09-10.23:43:07::SCWPlatform::DSA given C:/repo/SOC/SoC_301/2_GROUND_WORK/3_EMBEDDED_C_BASIC/1_DATA_TYPE/USART_HW_wrapper/hw/USART_HW_wrapper.xsa
TRACE::2026-09-10.23:43:07::SCWPlatform::DSA absoulate path C:/repo/SOC/SoC_301/2_GROUND_WORK/3_EMBEDDED_C_BASIC/1_DATA_TYPE/USART_HW_wrapper/hw/USART_HW_wrapper.xsa
TRACE::2026-09-10.23:43:07::SCWPlatform::DSA directory C:/repo/SOC/SoC_301/2_GROUND_WORK/3_EMBEDDED_C_BASIC/1_DATA_TYPE/USART_HW_wrapper/hw
TRACE::2026-09-10.23:43:07::SCWPlatform:: Platform Path C:/repo/SOC/SoC_301/2_GROUND_WORK/3_EMBEDDED_C_BASIC/1_DATA_TYPE/USART_HW_wrapper/hw/USART_HW_wrapper.xsa
TRACE::2026-09-10.23:43:07::SCWPlatform:: Unique name xilinx:zybo-z7-20::0.0
TRACE::2026-09-10.23:43:07::SCWPlatform::Trying to set the existing hwdb with name USART_HW_wrapper_0
TRACE::2026-09-10.23:43:07::SCWPlatform::Opened existing hwdb USART_HW_wrapper_0
TRACE::2026-09-10.23:43:07::SCWPlatform::Found the Hw Db part of the input DSA
TRACE::2026-09-10.23:43:07::SCWMssOS::Checking the sw design at  C:/repo/SOC/SoC_301/2_GROUND_WORK/3_EMBEDDED_C_BASIC/1_DATA_TYPE/USART_HW_wrapper/ps7_cortexa9_0/standalone_ps7_cortexa9_0/bsp/system.mss
TRACE::2026-09-10.23:43:07::SCWMssOS::DEBUG:  swdes dump  C:/repo/SOC/SoC_301/2_GROUND_WORK/3_EMBEDDED_C_BASIC/1_DATA_TYPE/USART_HW_wrapper/ps7_cortexa9_0/standalone_ps7_cortexa9_0/bsp/system.mss|system_0||
C:/repo/SOC/SoC_301/2_GROUND_WORK/3_EMBEDDED_C_BASIC/1_DATA_TYPE/USART_HW_wrapper/zynq_fsbl/zynq_fsbl_bsp/system.mss|system||

TRACE::2026-09-10.23:43:07::SCWMssOS::Sw design exists and opened at  C:/repo/SOC/SoC_301/2_GROUND_WORK/3_EMBEDDED_C_BASIC/1_DATA_TYPE/USART_HW_wrapper/ps7_cortexa9_0/standalone_ps7_cortexa9_0/bsp/system.mss
TRACE::2026-09-10.23:43:07::SCWPlatform::Trying to open the hw design at C:/repo/SOC/SoC_301/2_GROUND_WORK/3_EMBEDDED_C_BASIC/1_DATA_TYPE/USART_HW_wrapper/hw/USART_HW_wrapper.xsa
TRACE::2026-09-10.23:43:07::SCWPlatform::DSA given C:/repo/SOC/SoC_301/2_GROUND_WORK/3_EMBEDDED_C_BASIC/1_DATA_TYPE/USART_HW_wrapper/hw/USART_HW_wrapper.xsa
TRACE::2026-09-10.23:43:07::SCWPlatform::DSA absoulate path C:/repo/SOC/SoC_301/2_GROUND_WORK/3_EMBEDDED_C_BASIC/1_DATA_TYPE/USART_HW_wrapper/hw/USART_HW_wrapper.xsa
TRACE::2026-09-10.23:43:07::SCWPlatform::DSA directory C:/repo/SOC/SoC_301/2_GROUND_WORK/3_EMBEDDED_C_BASIC/1_DATA_TYPE/USART_HW_wrapper/hw
TRACE::2026-09-10.23:43:07::SCWPlatform:: Platform Path C:/repo/SOC/SoC_301/2_GROUND_WORK/3_EMBEDDED_C_BASIC/1_DATA_TYPE/USART_HW_wrapper/hw/USART_HW_wrapper.xsa
TRACE::2026-09-10.23:43:07::SCWPlatform:: Unique name xilinx:zybo-z7-20::0.0
TRACE::2026-09-10.23:43:07::SCWPlatform::Trying to set the existing hwdb with name USART_HW_wrapper_0
TRACE::2026-09-10.23:43:07::SCWPlatform::Opened existing hwdb USART_HW_wrapper_0
TRACE::2026-09-10.23:43:07::SCWPlatform::Found the Hw Db part of the input DSA
TRACE::2026-09-10.23:43:07::SCWMssOS::Checking the sw design at  C:/repo/SOC/SoC_301/2_GROUND_WORK/3_EMBEDDED_C_BASIC/1_DATA_TYPE/USART_HW_wrapper/ps7_cortexa9_0/standalone_ps7_cortexa9_0/bsp/system.mss
TRACE::2026-09-10.23:43:07::SCWMssOS::DEBUG:  swdes dump  C:/repo/SOC/SoC_301/2_GROUND_WORK/3_EMBEDDED_C_BASIC/1_DATA_TYPE/USART_HW_wrapper/ps7_cortexa9_0/standalone_ps7_cortexa9_0/bsp/system.mss|system_0||
C:/repo/SOC/SoC_301/2_GROUND_WORK/3_EMBEDDED_C_BASIC/1_DATA_TYPE/USART_HW_wrapper/zynq_fsbl/zynq_fsbl_bsp/system.mss|system||

TRACE::2026-09-10.23:43:07::SCWMssOS::Sw design exists and opened at  C:/repo/SOC/SoC_301/2_GROUND_WORK/3_EMBEDDED_C_BASIC/1_DATA_TYPE/USART_HW_wrapper/ps7_cortexa9_0/standalone_ps7_cortexa9_0/bsp/system.mss
TRACE::2026-09-10.23:43:07::SCWPlatform::Trying to open the hw design at C:/repo/SOC/SoC_301/2_GROUND_WORK/3_EMBEDDED_C_BASIC/1_DATA_TYPE/USART_HW_wrapper/hw/USART_HW_wrapper.xsa
TRACE::2026-09-10.23:43:08::SCWPlatform::DSA given C:/repo/SOC/SoC_301/2_GROUND_WORK/3_EMBEDDED_C_BASIC/1_DATA_TYPE/USART_HW_wrapper/hw/USART_HW_wrapper.xsa
TRACE::2026-09-10.23:43:08::SCWPlatform::DSA absoulate path C:/repo/SOC/SoC_301/2_GROUND_WORK/3_EMBEDDED_C_BASIC/1_DATA_TYPE/USART_HW_wrapper/hw/USART_HW_wrapper.xsa
TRACE::2026-09-10.23:43:08::SCWPlatform::DSA directory C:/repo/SOC/SoC_301/2_GROUND_WORK/3_EMBEDDED_C_BASIC/1_DATA_TYPE/USART_HW_wrapper/hw
TRACE::2026-09-10.23:43:08::SCWPlatform:: Platform Path C:/repo/SOC/SoC_301/2_GROUND_WORK/3_EMBEDDED_C_BASIC/1_DATA_TYPE/USART_HW_wrapper/hw/USART_HW_wrapper.xsa
TRACE::2026-09-10.23:43:08::SCWPlatform:: Unique name xilinx:zybo-z7-20::0.0
TRACE::2026-09-10.23:43:08::SCWPlatform::Trying to set the existing hwdb with name USART_HW_wrapper_0
TRACE::2026-09-10.23:43:08::SCWPlatform::Opened existing hwdb USART_HW_wrapper_0
TRACE::2026-09-10.23:43:08::SCWPlatform::Found the Hw Db part of the input DSA
TRACE::2026-09-10.23:43:08::SCWMssOS::Checking the sw design at  C:/repo/SOC/SoC_301/2_GROUND_WORK/3_EMBEDDED_C_BASIC/1_DATA_TYPE/USART_HW_wrapper/ps7_cortexa9_0/standalone_ps7_cortexa9_0/bsp/system.mss
TRACE::2026-09-10.23:43:08::SCWMssOS::DEBUG:  swdes dump  C:/repo/SOC/SoC_301/2_GROUND_WORK/3_EMBEDDED_C_BASIC/1_DATA_TYPE/USART_HW_wrapper/ps7_cortexa9_0/standalone_ps7_cortexa9_0/bsp/system.mss|system_0||
C:/repo/SOC/SoC_301/2_GROUND_WORK/3_EMBEDDED_C_BASIC/1_DATA_TYPE/USART_HW_wrapper/zynq_fsbl/zynq_fsbl_bsp/system.mss|system||

TRACE::2026-09-10.23:43:08::SCWMssOS::Sw design exists and opened at  C:/repo/SOC/SoC_301/2_GROUND_WORK/3_EMBEDDED_C_BASIC/1_DATA_TYPE/USART_HW_wrapper/ps7_cortexa9_0/standalone_ps7_cortexa9_0/bsp/system.mss
TRACE::2026-09-10.23:43:08::SCWWriter::formatted JSON is {
	"platformName":	"USART_HW_wrapper",
	"sprVersion":	"2.0",
	"mode":	"gui",
	"dsaType":	"Fixed",
	"platformDesc":	"USART_HW_wrapper",
	"platHandOff":	"C:/repo/SOC/SoC_301/2_GROUND_WORK/2_PS_BASIC/1_USART_CONNECTION_HW/USART_HW_wrapper.xsa",
	"platIntHandOff":	"<platformDir>/hw/USART_HW_wrapper.xsa",
	"deviceType":	"zynq",
	"platIsPrebuiltAutogen":	"false",
	"platIsNoBootBsp":	"false",
	"platFsblTarget":	"ps7_cortexa9_0",
	"hasFsblMakeHasChanges":	"false",
	"hasPmufwMakeHasChanges":	"false",
	"fsblExtraCompilerFlags":	"-MMD -MP       -mcpu=cortex-a9 -mfpu=vfpv3 -mfloat-abi=hard ",
	"platPreBuiltFlag":	false,
	"platformSamplesDir":	"",
	"platActiveSys":	"USART_HW_wrapper",
	"systems":	[{
			"systemName":	"USART_HW_wrapper",
			"systemDesc":	"USART_HW_wrapper",
			"sysIsBootAutoGen":	"true",
			"systemDispName":	"USART_HW_wrapper",
			"sysActiveDom":	"standalone_ps7_cortexa9_0",
			"sysDefaultDom":	"standalone_ps7_cortexa9_0",
			"domains":	[{
					"domainName":	"zynq_fsbl",
					"domainDispName":	"zynq_fsbl",
					"domainDesc":	"FSBL Application BSP - Auto Generated.",
					"processors":	"ps7_cortexa9_0",
					"os":	"standalone",
					"sdxOs":	"standalone",
					"debugEnable":	"",
					"domRuntimes":	["cpp"],
					"swRepo":	"",
					"mssOsVer":	"9.2",
					"mssFile":	"",
					"md5Digest":	"0d85eb7594d9e7e2c8af45a785783646",
					"compatibleApp":	"zynq_fsbl",
					"domType":	"bootDomain",
					"arch":	"32-bit",
					"appSettings":	{
						"appCompilerFlags":	"",
						"appLinkerFlags":	""
					},
					"addedLibs":	["xilffs:5.3", "xilrsa:1.8"],
					"libOptions":	{
						"libsContainingOptions":	[]
					},
					"prebuiltLibs":	{
						"prebuiltIncPath":	[],
						"prebuiltLibPath":	[]
					},
					"isolation":	{
					}
				}, {
					"domainName":	"standalone_ps7_cortexa9_0",
					"domainDispName":	"standalone_ps7_cortexa9_0",
					"domainDesc":	"standalone_ps7_cortexa9_0",
					"processors":	"ps7_cortexa9_0",
					"os":	"standalone",
					"sdxOs":	"standalone",
					"qemuArgs":	"<platformDir>/resources/USART_HW_wrapper/standalone_ps7_cortexa9_0/qemu_args.txt",
					"qemuData":	"<platformDir>/resources/USART_HW_wrapper/standalone_ps7_cortexa9_0/qemu",
					"debugEnable":	"False",
					"domRuntimes":	["cpp"],
					"swRepo":	"",
					"mssOsVer":	"9.2",
					"mssFile":	"",
					"md5Digest":	"6c4fd263b60a06a02b9d485d16afff8a",
					"compatibleApp":	"hello_world",
					"domType":	"mssDomain",
					"arch":	"32-bit",
					"appSettings":	{
						"appCompilerFlags":	"",
						"appLinkerFlags":	""
					},
					"addedLibs":	[],
					"libOptions":	{
						"libsContainingOptions":	[]
					},
					"prebuiltLibs":	{
						"prebuiltIncPath":	[],
						"prebuiltLibPath":	[]
					},
					"isolation":	{
					}
				}]
		}]
}
KEYINFO::2026-09-10.23:43:08::SCWPlatform::updated the xpfm file.
TRACE::2026-09-10.23:43:08::SCWPlatform::Trying to open the hw design at C:/repo/SOC/SoC_301/2_GROUND_WORK/3_EMBEDDED_C_BASIC/1_DATA_TYPE/USART_HW_wrapper/hw/USART_HW_wrapper.xsa
TRACE::2026-09-10.23:43:08::SCWPlatform::DSA given C:/repo/SOC/SoC_301/2_GROUND_WORK/3_EMBEDDED_C_BASIC/1_DATA_TYPE/USART_HW_wrapper/hw/USART_HW_wrapper.xsa
TRACE::2026-09-10.23:43:08::SCWPlatform::DSA absoulate path C:/repo/SOC/SoC_301/2_GROUND_WORK/3_EMBEDDED_C_BASIC/1_DATA_TYPE/USART_HW_wrapper/hw/USART_HW_wrapper.xsa
TRACE::2026-09-10.23:43:08::SCWPlatform::DSA directory C:/repo/SOC/SoC_301/2_GROUND_WORK/3_EMBEDDED_C_BASIC/1_DATA_TYPE/USART_HW_wrapper/hw
TRACE::2026-09-10.23:43:08::SCWPlatform:: Platform Path C:/repo/SOC/SoC_301/2_GROUND_WORK/3_EMBEDDED_C_BASIC/1_DATA_TYPE/USART_HW_wrapper/hw/USART_HW_wrapper.xsa
TRACE::2026-09-10.23:43:08::SCWPlatform:: Unique name xilinx:zybo-z7-20::0.0
TRACE::2026-09-10.23:43:08::SCWPlatform::Trying to set the existing hwdb with name USART_HW_wrapper_0
TRACE::2026-09-10.23:43:08::SCWPlatform::Opened existing hwdb USART_HW_wrapper_0
TRACE::2026-09-10.23:43:08::SCWPlatform::Found the Hw Db part of the input DSA
TRACE::2026-09-10.23:43:08::SCWMssOS::Checking the sw design at  C:/repo/SOC/SoC_301/2_GROUND_WORK/3_EMBEDDED_C_BASIC/1_DATA_TYPE/USART_HW_wrapper/ps7_cortexa9_0/standalone_ps7_cortexa9_0/bsp/system.mss
TRACE::2026-09-10.23:43:08::SCWMssOS::DEBUG:  swdes dump  C:/repo/SOC/SoC_301/2_GROUND_WORK/3_EMBEDDED_C_BASIC/1_DATA_TYPE/USART_HW_wrapper/ps7_cortexa9_0/standalone_ps7_cortexa9_0/bsp/system.mss|system_0||
C:/repo/SOC/SoC_301/2_GROUND_WORK/3_EMBEDDED_C_BASIC/1_DATA_TYPE/USART_HW_wrapper/zynq_fsbl/zynq_fsbl_bsp/system.mss|system||

TRACE::2026-09-10.23:43:08::SCWMssOS::Sw design exists and opened at  C:/repo/SOC/SoC_301/2_GROUND_WORK/3_EMBEDDED_C_BASIC/1_DATA_TYPE/USART_HW_wrapper/ps7_cortexa9_0/standalone_ps7_cortexa9_0/bsp/system.mss
TRACE::2026-09-10.23:43:08::SCWMssOS::Saving the mss changes C:/repo/SOC/SoC_301/2_GROUND_WORK/3_EMBEDDED_C_BASIC/1_DATA_TYPE/USART_HW_wrapper/zynq_fsbl/zynq_fsbl_bsp/system.mss
TRACE::2026-09-10.23:43:08::SCWMssOS::Found a swdesign opened with the mssfile.
TRACE::2026-09-10.23:43:08::SCWMssOS::Completed writemss as part of save.
TRACE::2026-09-10.23:43:08::SCWMssOS::Commit changes completed.
TRACE::2026-09-10.23:43:08::SCWMssOS::Saving the mss changes C:/repo/SOC/SoC_301/2_GROUND_WORK/3_EMBEDDED_C_BASIC/1_DATA_TYPE/USART_HW_wrapper/ps7_cortexa9_0/standalone_ps7_cortexa9_0/bsp/system.mss
TRACE::2026-09-10.23:43:08::SCWMssOS::Found a swdesign opened with the mssfile.
TRACE::2026-09-10.23:43:08::SCWMssOS::Completed writemss as part of save.
TRACE::2026-09-10.23:43:08::SCWMssOS::Commit changes completed.
TRACE::2026-09-10.23:43:08::SCWPlatform::Trying to open the hw design at C:/repo/SOC/SoC_301/2_GROUND_WORK/3_EMBEDDED_C_BASIC/1_DATA_TYPE/USART_HW_wrapper/hw/USART_HW_wrapper.xsa
TRACE::2026-09-10.23:43:08::SCWPlatform::DSA given C:/repo/SOC/SoC_301/2_GROUND_WORK/3_EMBEDDED_C_BASIC/1_DATA_TYPE/USART_HW_wrapper/hw/USART_HW_wrapper.xsa
TRACE::2026-09-10.23:43:08::SCWPlatform::DSA absoulate path C:/repo/SOC/SoC_301/2_GROUND_WORK/3_EMBEDDED_C_BASIC/1_DATA_TYPE/USART_HW_wrapper/hw/USART_HW_wrapper.xsa
TRACE::2026-09-10.23:43:08::SCWPlatform::DSA directory C:/repo/SOC/SoC_301/2_GROUND_WORK/3_EMBEDDED_C_BASIC/1_DATA_TYPE/USART_HW_wrapper/hw
TRACE::2026-09-10.23:43:08::SCWPlatform:: Platform Path C:/repo/SOC/SoC_301/2_GROUND_WORK/3_EMBEDDED_C_BASIC/1_DATA_TYPE/USART_HW_wrapper/hw/USART_HW_wrapper.xsa
TRACE::2026-09-10.23:43:08::SCWPlatform:: Unique name xilinx:zybo-z7-20::0.0
TRACE::2026-09-10.23:43:08::SCWPlatform::Trying to set the existing hwdb with name USART_HW_wrapper_0
TRACE::2026-09-10.23:43:08::SCWPlatform::Opened existing hwdb USART_HW_wrapper_0
TRACE::2026-09-10.23:43:08::SCWPlatform::Found the Hw Db part of the input DSA
TRACE::2026-09-10.23:43:08::SCWMssOS::Checking the sw design at  C:/repo/SOC/SoC_301/2_GROUND_WORK/3_EMBEDDED_C_BASIC/1_DATA_TYPE/USART_HW_wrapper/zynq_fsbl/zynq_fsbl_bsp/system.mss
TRACE::2026-09-10.23:43:08::SCWMssOS::DEBUG:  swdes dump  C:/repo/SOC/SoC_301/2_GROUND_WORK/3_EMBEDDED_C_BASIC/1_DATA_TYPE/USART_HW_wrapper/ps7_cortexa9_0/standalone_ps7_cortexa9_0/bsp/system.mss|system_0||
C:/repo/SOC/SoC_301/2_GROUND_WORK/3_EMBEDDED_C_BASIC/1_DATA_TYPE/USART_HW_wrapper/zynq_fsbl/zynq_fsbl_bsp/system.mss|system||

TRACE::2026-09-10.23:43:08::SCWMssOS::Sw design exists and opened at  C:/repo/SOC/SoC_301/2_GROUND_WORK/3_EMBEDDED_C_BASIC/1_DATA_TYPE/USART_HW_wrapper/zynq_fsbl/zynq_fsbl_bsp/system.mss
TRACE::2026-09-10.23:43:08::SCWPlatform::Trying to open the hw design at C:/repo/SOC/SoC_301/2_GROUND_WORK/3_EMBEDDED_C_BASIC/1_DATA_TYPE/USART_HW_wrapper/hw/USART_HW_wrapper.xsa
TRACE::2026-09-10.23:43:08::SCWPlatform::DSA given C:/repo/SOC/SoC_301/2_GROUND_WORK/3_EMBEDDED_C_BASIC/1_DATA_TYPE/USART_HW_wrapper/hw/USART_HW_wrapper.xsa
TRACE::2026-09-10.23:43:08::SCWPlatform::DSA absoulate path C:/repo/SOC/SoC_301/2_GROUND_WORK/3_EMBEDDED_C_BASIC/1_DATA_TYPE/USART_HW_wrapper/hw/USART_HW_wrapper.xsa
TRACE::2026-09-10.23:43:08::SCWPlatform::DSA directory C:/repo/SOC/SoC_301/2_GROUND_WORK/3_EMBEDDED_C_BASIC/1_DATA_TYPE/USART_HW_wrapper/hw
TRACE::2026-09-10.23:43:08::SCWPlatform:: Platform Path C:/repo/SOC/SoC_301/2_GROUND_WORK/3_EMBEDDED_C_BASIC/1_DATA_TYPE/USART_HW_wrapper/hw/USART_HW_wrapper.xsa
TRACE::2026-09-10.23:43:08::SCWPlatform:: Unique name xilinx:zybo-z7-20::0.0
TRACE::2026-09-10.23:43:08::SCWPlatform::Trying to set the existing hwdb with name USART_HW_wrapper_0
TRACE::2026-09-10.23:43:08::SCWPlatform::Opened existing hwdb USART_HW_wrapper_0
TRACE::2026-09-10.23:43:08::SCWPlatform::Found the Hw Db part of the input DSA
TRACE::2026-09-10.23:43:08::SCWMssOS::Checking the sw design at  C:/repo/SOC/SoC_301/2_GROUND_WORK/3_EMBEDDED_C_BASIC/1_DATA_TYPE/USART_HW_wrapper/zynq_fsbl/zynq_fsbl_bsp/system.mss
TRACE::2026-09-10.23:43:08::SCWMssOS::DEBUG:  swdes dump  C:/repo/SOC/SoC_301/2_GROUND_WORK/3_EMBEDDED_C_BASIC/1_DATA_TYPE/USART_HW_wrapper/ps7_cortexa9_0/standalone_ps7_cortexa9_0/bsp/system.mss|system_0||
C:/repo/SOC/SoC_301/2_GROUND_WORK/3_EMBEDDED_C_BASIC/1_DATA_TYPE/USART_HW_wrapper/zynq_fsbl/zynq_fsbl_bsp/system.mss|system||

TRACE::2026-09-10.23:43:08::SCWMssOS::Sw design exists and opened at  C:/repo/SOC/SoC_301/2_GROUND_WORK/3_EMBEDDED_C_BASIC/1_DATA_TYPE/USART_HW_wrapper/zynq_fsbl/zynq_fsbl_bsp/system.mss
TRACE::2026-09-10.23:43:08::SCWPlatform::Trying to open the hw design at C:/repo/SOC/SoC_301/2_GROUND_WORK/3_EMBEDDED_C_BASIC/1_DATA_TYPE/USART_HW_wrapper/hw/USART_HW_wrapper.xsa
TRACE::2026-09-10.23:43:08::SCWPlatform::DSA given C:/repo/SOC/SoC_301/2_GROUND_WORK/3_EMBEDDED_C_BASIC/1_DATA_TYPE/USART_HW_wrapper/hw/USART_HW_wrapper.xsa
TRACE::2026-09-10.23:43:08::SCWPlatform::DSA absoulate path C:/repo/SOC/SoC_301/2_GROUND_WORK/3_EMBEDDED_C_BASIC/1_DATA_TYPE/USART_HW_wrapper/hw/USART_HW_wrapper.xsa
TRACE::2026-09-10.23:43:08::SCWPlatform::DSA directory C:/repo/SOC/SoC_301/2_GROUND_WORK/3_EMBEDDED_C_BASIC/1_DATA_TYPE/USART_HW_wrapper/hw
TRACE::2026-09-10.23:43:08::SCWPlatform:: Platform Path C:/repo/SOC/SoC_301/2_GROUND_WORK/3_EMBEDDED_C_BASIC/1_DATA_TYPE/USART_HW_wrapper/hw/USART_HW_wrapper.xsa
TRACE::2026-09-10.23:43:08::SCWPlatform:: Unique name xilinx:zybo-z7-20::0.0
TRACE::2026-09-10.23:43:08::SCWPlatform::Trying to set the existing hwdb with name USART_HW_wrapper_0
TRACE::2026-09-10.23:43:08::SCWPlatform::Opened existing hwdb USART_HW_wrapper_0
TRACE::2026-09-10.23:43:08::SCWPlatform::Found the Hw Db part of the input DSA
TRACE::2026-09-10.23:43:08::SCWMssOS::Checking the sw design at  C:/repo/SOC/SoC_301/2_GROUND_WORK/3_EMBEDDED_C_BASIC/1_DATA_TYPE/USART_HW_wrapper/zynq_fsbl/zynq_fsbl_bsp/system.mss
TRACE::2026-09-10.23:43:08::SCWMssOS::DEBUG:  swdes dump  C:/repo/SOC/SoC_301/2_GROUND_WORK/3_EMBEDDED_C_BASIC/1_DATA_TYPE/USART_HW_wrapper/ps7_cortexa9_0/standalone_ps7_cortexa9_0/bsp/system.mss|system_0||
C:/repo/SOC/SoC_301/2_GROUND_WORK/3_EMBEDDED_C_BASIC/1_DATA_TYPE/USART_HW_wrapper/zynq_fsbl/zynq_fsbl_bsp/system.mss|system||

TRACE::2026-09-10.23:43:08::SCWMssOS::Sw design exists and opened at  C:/repo/SOC/SoC_301/2_GROUND_WORK/3_EMBEDDED_C_BASIC/1_DATA_TYPE/USART_HW_wrapper/zynq_fsbl/zynq_fsbl_bsp/system.mss
TRACE::2026-09-10.23:43:08::SCWPlatform::Trying to open the hw design at C:/repo/SOC/SoC_301/2_GROUND_WORK/3_EMBEDDED_C_BASIC/1_DATA_TYPE/USART_HW_wrapper/hw/USART_HW_wrapper.xsa
TRACE::2026-09-10.23:43:08::SCWPlatform::DSA given C:/repo/SOC/SoC_301/2_GROUND_WORK/3_EMBEDDED_C_BASIC/1_DATA_TYPE/USART_HW_wrapper/hw/USART_HW_wrapper.xsa
TRACE::2026-09-10.23:43:08::SCWPlatform::DSA absoulate path C:/repo/SOC/SoC_301/2_GROUND_WORK/3_EMBEDDED_C_BASIC/1_DATA_TYPE/USART_HW_wrapper/hw/USART_HW_wrapper.xsa
TRACE::2026-09-10.23:43:08::SCWPlatform::DSA directory C:/repo/SOC/SoC_301/2_GROUND_WORK/3_EMBEDDED_C_BASIC/1_DATA_TYPE/USART_HW_wrapper/hw
TRACE::2026-09-10.23:43:08::SCWPlatform:: Platform Path C:/repo/SOC/SoC_301/2_GROUND_WORK/3_EMBEDDED_C_BASIC/1_DATA_TYPE/USART_HW_wrapper/hw/USART_HW_wrapper.xsa
TRACE::2026-09-10.23:43:08::SCWPlatform:: Unique name xilinx:zybo-z7-20::0.0
TRACE::2026-09-10.23:43:08::SCWPlatform::Trying to set the existing hwdb with name USART_HW_wrapper_0
TRACE::2026-09-10.23:43:08::SCWPlatform::Opened existing hwdb USART_HW_wrapper_0
TRACE::2026-09-10.23:43:08::SCWPlatform::Found the Hw Db part of the input DSA
TRACE::2026-09-10.23:43:08::SCWMssOS::Checking the sw design at  C:/repo/SOC/SoC_301/2_GROUND_WORK/3_EMBEDDED_C_BASIC/1_DATA_TYPE/USART_HW_wrapper/ps7_cortexa9_0/standalone_ps7_cortexa9_0/bsp/system.mss
TRACE::2026-09-10.23:43:08::SCWMssOS::DEBUG:  swdes dump  C:/repo/SOC/SoC_301/2_GROUND_WORK/3_EMBEDDED_C_BASIC/1_DATA_TYPE/USART_HW_wrapper/ps7_cortexa9_0/standalone_ps7_cortexa9_0/bsp/system.mss|system_0||
C:/repo/SOC/SoC_301/2_GROUND_WORK/3_EMBEDDED_C_BASIC/1_DATA_TYPE/USART_HW_wrapper/zynq_fsbl/zynq_fsbl_bsp/system.mss|system||

TRACE::2026-09-10.23:43:08::SCWMssOS::Sw design exists and opened at  C:/repo/SOC/SoC_301/2_GROUND_WORK/3_EMBEDDED_C_BASIC/1_DATA_TYPE/USART_HW_wrapper/ps7_cortexa9_0/standalone_ps7_cortexa9_0/bsp/system.mss
TRACE::2026-09-10.23:43:08::SCWPlatform::Trying to open the hw design at C:/repo/SOC/SoC_301/2_GROUND_WORK/3_EMBEDDED_C_BASIC/1_DATA_TYPE/USART_HW_wrapper/hw/USART_HW_wrapper.xsa
TRACE::2026-09-10.23:43:08::SCWPlatform::DSA given C:/repo/SOC/SoC_301/2_GROUND_WORK/3_EMBEDDED_C_BASIC/1_DATA_TYPE/USART_HW_wrapper/hw/USART_HW_wrapper.xsa
TRACE::2026-09-10.23:43:08::SCWPlatform::DSA absoulate path C:/repo/SOC/SoC_301/2_GROUND_WORK/3_EMBEDDED_C_BASIC/1_DATA_TYPE/USART_HW_wrapper/hw/USART_HW_wrapper.xsa
TRACE::2026-09-10.23:43:08::SCWPlatform::DSA directory C:/repo/SOC/SoC_301/2_GROUND_WORK/3_EMBEDDED_C_BASIC/1_DATA_TYPE/USART_HW_wrapper/hw
TRACE::2026-09-10.23:43:08::SCWPlatform:: Platform Path C:/repo/SOC/SoC_301/2_GROUND_WORK/3_EMBEDDED_C_BASIC/1_DATA_TYPE/USART_HW_wrapper/hw/USART_HW_wrapper.xsa
TRACE::2026-09-10.23:43:08::SCWPlatform:: Unique name xilinx:zybo-z7-20::0.0
TRACE::2026-09-10.23:43:08::SCWPlatform::Trying to set the existing hwdb with name USART_HW_wrapper_0
TRACE::2026-09-10.23:43:08::SCWPlatform::Opened existing hwdb USART_HW_wrapper_0
TRACE::2026-09-10.23:43:08::SCWPlatform::Found the Hw Db part of the input DSA
TRACE::2026-09-10.23:43:08::SCWMssOS::Checking the sw design at  C:/repo/SOC/SoC_301/2_GROUND_WORK/3_EMBEDDED_C_BASIC/1_DATA_TYPE/USART_HW_wrapper/ps7_cortexa9_0/standalone_ps7_cortexa9_0/bsp/system.mss
TRACE::2026-09-10.23:43:08::SCWMssOS::DEBUG:  swdes dump  C:/repo/SOC/SoC_301/2_GROUND_WORK/3_EMBEDDED_C_BASIC/1_DATA_TYPE/USART_HW_wrapper/ps7_cortexa9_0/standalone_ps7_cortexa9_0/bsp/system.mss|system_0||
C:/repo/SOC/SoC_301/2_GROUND_WORK/3_EMBEDDED_C_BASIC/1_DATA_TYPE/USART_HW_wrapper/zynq_fsbl/zynq_fsbl_bsp/system.mss|system||

TRACE::2026-09-10.23:43:08::SCWMssOS::Sw design exists and opened at  C:/repo/SOC/SoC_301/2_GROUND_WORK/3_EMBEDDED_C_BASIC/1_DATA_TYPE/USART_HW_wrapper/ps7_cortexa9_0/standalone_ps7_cortexa9_0/bsp/system.mss
TRACE::2026-09-10.23:43:08::SCWPlatform::Trying to open the hw design at C:/repo/SOC/SoC_301/2_GROUND_WORK/3_EMBEDDED_C_BASIC/1_DATA_TYPE/USART_HW_wrapper/hw/USART_HW_wrapper.xsa
TRACE::2026-09-10.23:43:08::SCWPlatform::DSA given C:/repo/SOC/SoC_301/2_GROUND_WORK/3_EMBEDDED_C_BASIC/1_DATA_TYPE/USART_HW_wrapper/hw/USART_HW_wrapper.xsa
TRACE::2026-09-10.23:43:08::SCWPlatform::DSA absoulate path C:/repo/SOC/SoC_301/2_GROUND_WORK/3_EMBEDDED_C_BASIC/1_DATA_TYPE/USART_HW_wrapper/hw/USART_HW_wrapper.xsa
TRACE::2026-09-10.23:43:08::SCWPlatform::DSA directory C:/repo/SOC/SoC_301/2_GROUND_WORK/3_EMBEDDED_C_BASIC/1_DATA_TYPE/USART_HW_wrapper/hw
TRACE::2026-09-10.23:43:08::SCWPlatform:: Platform Path C:/repo/SOC/SoC_301/2_GROUND_WORK/3_EMBEDDED_C_BASIC/1_DATA_TYPE/USART_HW_wrapper/hw/USART_HW_wrapper.xsa
TRACE::2026-09-10.23:43:08::SCWPlatform:: Unique name xilinx:zybo-z7-20::0.0
TRACE::2026-09-10.23:43:08::SCWPlatform::Trying to set the existing hwdb with name USART_HW_wrapper_0
TRACE::2026-09-10.23:43:08::SCWPlatform::Opened existing hwdb USART_HW_wrapper_0
TRACE::2026-09-10.23:43:08::SCWPlatform::Found the Hw Db part of the input DSA
TRACE::2026-09-10.23:43:08::SCWMssOS::Checking the sw design at  C:/repo/SOC/SoC_301/2_GROUND_WORK/3_EMBEDDED_C_BASIC/1_DATA_TYPE/USART_HW_wrapper/ps7_cortexa9_0/standalone_ps7_cortexa9_0/bsp/system.mss
TRACE::2026-09-10.23:43:08::SCWMssOS::DEBUG:  swdes dump  C:/repo/SOC/SoC_301/2_GROUND_WORK/3_EMBEDDED_C_BASIC/1_DATA_TYPE/USART_HW_wrapper/ps7_cortexa9_0/standalone_ps7_cortexa9_0/bsp/system.mss|system_0||
C:/repo/SOC/SoC_301/2_GROUND_WORK/3_EMBEDDED_C_BASIC/1_DATA_TYPE/USART_HW_wrapper/zynq_fsbl/zynq_fsbl_bsp/system.mss|system||

TRACE::2026-09-10.23:43:08::SCWMssOS::Sw design exists and opened at  C:/repo/SOC/SoC_301/2_GROUND_WORK/3_EMBEDDED_C_BASIC/1_DATA_TYPE/USART_HW_wrapper/ps7_cortexa9_0/standalone_ps7_cortexa9_0/bsp/system.mss
TRACE::2026-09-10.23:43:08::SCWWriter::formatted JSON is {
	"platformName":	"USART_HW_wrapper",
	"sprVersion":	"2.0",
	"mode":	"gui",
	"dsaType":	"Fixed",
	"platformDesc":	"USART_HW_wrapper",
	"platHandOff":	"C:/repo/SOC/SoC_301/2_GROUND_WORK/2_PS_BASIC/1_USART_CONNECTION_HW/USART_HW_wrapper.xsa",
	"platIntHandOff":	"<platformDir>/hw/USART_HW_wrapper.xsa",
	"deviceType":	"zynq",
	"platIsPrebuiltAutogen":	"false",
	"platIsNoBootBsp":	"false",
	"platFsblTarget":	"ps7_cortexa9_0",
	"hasFsblMakeHasChanges":	"false",
	"hasPmufwMakeHasChanges":	"false",
	"fsblExtraCompilerFlags":	"-MMD -MP       -mcpu=cortex-a9 -mfpu=vfpv3 -mfloat-abi=hard ",
	"platPreBuiltFlag":	false,
	"platformSamplesDir":	"",
	"platActiveSys":	"USART_HW_wrapper",
	"systems":	[{
			"systemName":	"USART_HW_wrapper",
			"systemDesc":	"USART_HW_wrapper",
			"sysIsBootAutoGen":	"true",
			"systemDispName":	"USART_HW_wrapper",
			"sysActiveDom":	"standalone_ps7_cortexa9_0",
			"sysDefaultDom":	"standalone_ps7_cortexa9_0",
			"domains":	[{
					"domainName":	"zynq_fsbl",
					"domainDispName":	"zynq_fsbl",
					"domainDesc":	"FSBL Application BSP - Auto Generated.",
					"processors":	"ps7_cortexa9_0",
					"os":	"standalone",
					"sdxOs":	"standalone",
					"debugEnable":	"",
					"domRuntimes":	["cpp"],
					"swRepo":	"",
					"mssOsVer":	"9.2",
					"mssFile":	"",
					"md5Digest":	"0d85eb7594d9e7e2c8af45a785783646",
					"compatibleApp":	"zynq_fsbl",
					"domType":	"bootDomain",
					"arch":	"32-bit",
					"appSettings":	{
						"appCompilerFlags":	"",
						"appLinkerFlags":	""
					},
					"addedLibs":	["xilffs:5.3", "xilrsa:1.8"],
					"libOptions":	{
						"libsContainingOptions":	[]
					},
					"prebuiltLibs":	{
						"prebuiltIncPath":	[],
						"prebuiltLibPath":	[]
					},
					"isolation":	{
					}
				}, {
					"domainName":	"standalone_ps7_cortexa9_0",
					"domainDispName":	"standalone_ps7_cortexa9_0",
					"domainDesc":	"standalone_ps7_cortexa9_0",
					"processors":	"ps7_cortexa9_0",
					"os":	"standalone",
					"sdxOs":	"standalone",
					"qemuArgs":	"<platformDir>/resources/USART_HW_wrapper/standalone_ps7_cortexa9_0/qemu_args.txt",
					"qemuData":	"<platformDir>/resources/USART_HW_wrapper/standalone_ps7_cortexa9_0/qemu",
					"debugEnable":	"False",
					"domRuntimes":	["cpp"],
					"swRepo":	"",
					"mssOsVer":	"9.2",
					"mssFile":	"",
					"md5Digest":	"6c4fd263b60a06a02b9d485d16afff8a",
					"compatibleApp":	"hello_world",
					"domType":	"mssDomain",
					"arch":	"32-bit",
					"appSettings":	{
						"appCompilerFlags":	"",
						"appLinkerFlags":	""
					},
					"addedLibs":	[],
					"libOptions":	{
						"libsContainingOptions":	[]
					},
					"prebuiltLibs":	{
						"prebuiltIncPath":	[],
						"prebuiltLibPath":	[]
					},
					"isolation":	{
					}
				}]
		}]
}
TRACE::2026-09-10.23:43:08::SCWPlatform::Trying to open the hw design at C:/repo/SOC/SoC_301/2_GROUND_WORK/3_EMBEDDED_C_BASIC/1_DATA_TYPE/USART_HW_wrapper/hw/USART_HW_wrapper.xsa
TRACE::2026-09-10.23:43:08::SCWPlatform::DSA given C:/repo/SOC/SoC_301/2_GROUND_WORK/3_EMBEDDED_C_BASIC/1_DATA_TYPE/USART_HW_wrapper/hw/USART_HW_wrapper.xsa
TRACE::2026-09-10.23:43:08::SCWPlatform::DSA absoulate path C:/repo/SOC/SoC_301/2_GROUND_WORK/3_EMBEDDED_C_BASIC/1_DATA_TYPE/USART_HW_wrapper/hw/USART_HW_wrapper.xsa
TRACE::2026-09-10.23:43:08::SCWPlatform::DSA directory C:/repo/SOC/SoC_301/2_GROUND_WORK/3_EMBEDDED_C_BASIC/1_DATA_TYPE/USART_HW_wrapper/hw
TRACE::2026-09-10.23:43:08::SCWPlatform:: Platform Path C:/repo/SOC/SoC_301/2_GROUND_WORK/3_EMBEDDED_C_BASIC/1_DATA_TYPE/USART_HW_wrapper/hw/USART_HW_wrapper.xsa
TRACE::2026-09-10.23:43:08::SCWPlatform:: Unique name xilinx:zybo-z7-20::0.0
TRACE::2026-09-10.23:43:08::SCWPlatform::Trying to set the existing hwdb with name USART_HW_wrapper_0
TRACE::2026-09-10.23:43:08::SCWPlatform::Opened existing hwdb USART_HW_wrapper_0
TRACE::2026-09-10.23:43:08::SCWPlatform::Found the Hw Db part of the input DSA
TRACE::2026-09-10.23:43:08::SCWMssOS::Checking the sw design at  C:/repo/SOC/SoC_301/2_GROUND_WORK/3_EMBEDDED_C_BASIC/1_DATA_TYPE/USART_HW_wrapper/ps7_cortexa9_0/standalone_ps7_cortexa9_0/bsp/system.mss
TRACE::2026-09-10.23:43:08::SCWMssOS::DEBUG:  swdes dump  C:/repo/SOC/SoC_301/2_GROUND_WORK/3_EMBEDDED_C_BASIC/1_DATA_TYPE/USART_HW_wrapper/ps7_cortexa9_0/standalone_ps7_cortexa9_0/bsp/system.mss|system_0||
C:/repo/SOC/SoC_301/2_GROUND_WORK/3_EMBEDDED_C_BASIC/1_DATA_TYPE/USART_HW_wrapper/zynq_fsbl/zynq_fsbl_bsp/system.mss|system||

TRACE::2026-09-10.23:43:08::SCWMssOS::Sw design exists and opened at  C:/repo/SOC/SoC_301/2_GROUND_WORK/3_EMBEDDED_C_BASIC/1_DATA_TYPE/USART_HW_wrapper/ps7_cortexa9_0/standalone_ps7_cortexa9_0/bsp/system.mss
TRACE::2026-09-10.23:43:08::SCWPlatform::Trying to open the hw design at C:/repo/SOC/SoC_301/2_GROUND_WORK/3_EMBEDDED_C_BASIC/1_DATA_TYPE/USART_HW_wrapper/hw/USART_HW_wrapper.xsa
TRACE::2026-09-10.23:43:08::SCWPlatform::DSA given C:/repo/SOC/SoC_301/2_GROUND_WORK/3_EMBEDDED_C_BASIC/1_DATA_TYPE/USART_HW_wrapper/hw/USART_HW_wrapper.xsa
TRACE::2026-09-10.23:43:08::SCWPlatform::DSA absoulate path C:/repo/SOC/SoC_301/2_GROUND_WORK/3_EMBEDDED_C_BASIC/1_DATA_TYPE/USART_HW_wrapper/hw/USART_HW_wrapper.xsa
TRACE::2026-09-10.23:43:08::SCWPlatform::DSA directory C:/repo/SOC/SoC_301/2_GROUND_WORK/3_EMBEDDED_C_BASIC/1_DATA_TYPE/USART_HW_wrapper/hw
TRACE::2026-09-10.23:43:08::SCWPlatform:: Platform Path C:/repo/SOC/SoC_301/2_GROUND_WORK/3_EMBEDDED_C_BASIC/1_DATA_TYPE/USART_HW_wrapper/hw/USART_HW_wrapper.xsa
TRACE::2026-09-10.23:43:08::SCWPlatform:: Unique name xilinx:zybo-z7-20::0.0
TRACE::2026-09-10.23:43:08::SCWPlatform::Trying to set the existing hwdb with name USART_HW_wrapper_0
TRACE::2026-09-10.23:43:08::SCWPlatform::Opened existing hwdb USART_HW_wrapper_0
TRACE::2026-09-10.23:43:08::SCWPlatform::Found the Hw Db part of the input DSA
TRACE::2026-09-10.23:43:08::SCWMssOS::Checking the sw design at  C:/repo/SOC/SoC_301/2_GROUND_WORK/3_EMBEDDED_C_BASIC/1_DATA_TYPE/USART_HW_wrapper/ps7_cortexa9_0/standalone_ps7_cortexa9_0/bsp/system.mss
TRACE::2026-09-10.23:43:08::SCWMssOS::DEBUG:  swdes dump  C:/repo/SOC/SoC_301/2_GROUND_WORK/3_EMBEDDED_C_BASIC/1_DATA_TYPE/USART_HW_wrapper/ps7_cortexa9_0/standalone_ps7_cortexa9_0/bsp/system.mss|system_0||
C:/repo/SOC/SoC_301/2_GROUND_WORK/3_EMBEDDED_C_BASIC/1_DATA_TYPE/USART_HW_wrapper/zynq_fsbl/zynq_fsbl_bsp/system.mss|system||

TRACE::2026-09-10.23:43:08::SCWMssOS::Sw design exists and opened at  C:/repo/SOC/SoC_301/2_GROUND_WORK/3_EMBEDDED_C_BASIC/1_DATA_TYPE/USART_HW_wrapper/ps7_cortexa9_0/standalone_ps7_cortexa9_0/bsp/system.mss
TRACE::2026-09-10.23:43:08::SCWMssOS::Saving the mss changes C:/repo/SOC/SoC_301/2_GROUND_WORK/3_EMBEDDED_C_BASIC/1_DATA_TYPE/USART_HW_wrapper/zynq_fsbl/zynq_fsbl_bsp/system.mss
TRACE::2026-09-10.23:43:08::SCWMssOS::Found a swdesign opened with the mssfile.
TRACE::2026-09-10.23:43:08::SCWMssOS::Completed writemss as part of save.
TRACE::2026-09-10.23:43:08::SCWMssOS::Commit changes completed.
TRACE::2026-09-10.23:43:08::SCWMssOS::Saving the mss changes C:/repo/SOC/SoC_301/2_GROUND_WORK/3_EMBEDDED_C_BASIC/1_DATA_TYPE/USART_HW_wrapper/ps7_cortexa9_0/standalone_ps7_cortexa9_0/bsp/system.mss
TRACE::2026-09-10.23:43:08::SCWMssOS::Found a swdesign opened with the mssfile.
TRACE::2026-09-10.23:43:08::SCWMssOS::Completed writemss as part of save.
TRACE::2026-09-10.23:43:08::SCWMssOS::Commit changes completed.
TRACE::2026-09-10.23:43:08::SCWPlatform::Trying to open the hw design at C:/repo/SOC/SoC_301/2_GROUND_WORK/3_EMBEDDED_C_BASIC/1_DATA_TYPE/USART_HW_wrapper/hw/USART_HW_wrapper.xsa
TRACE::2026-09-10.23:43:08::SCWPlatform::DSA given C:/repo/SOC/SoC_301/2_GROUND_WORK/3_EMBEDDED_C_BASIC/1_DATA_TYPE/USART_HW_wrapper/hw/USART_HW_wrapper.xsa
TRACE::2026-09-10.23:43:08::SCWPlatform::DSA absoulate path C:/repo/SOC/SoC_301/2_GROUND_WORK/3_EMBEDDED_C_BASIC/1_DATA_TYPE/USART_HW_wrapper/hw/USART_HW_wrapper.xsa
TRACE::2026-09-10.23:43:08::SCWPlatform::DSA directory C:/repo/SOC/SoC_301/2_GROUND_WORK/3_EMBEDDED_C_BASIC/1_DATA_TYPE/USART_HW_wrapper/hw
TRACE::2026-09-10.23:43:08::SCWPlatform:: Platform Path C:/repo/SOC/SoC_301/2_GROUND_WORK/3_EMBEDDED_C_BASIC/1_DATA_TYPE/USART_HW_wrapper/hw/USART_HW_wrapper.xsa
TRACE::2026-09-10.23:43:08::SCWPlatform:: Unique name xilinx:zybo-z7-20::0.0
TRACE::2026-09-10.23:43:08::SCWPlatform::Trying to set the existing hwdb with name USART_HW_wrapper_0
TRACE::2026-09-10.23:43:08::SCWPlatform::Opened existing hwdb USART_HW_wrapper_0
TRACE::2026-09-10.23:43:08::SCWPlatform::Found the Hw Db part of the input DSA
TRACE::2026-09-10.23:43:08::SCWMssOS::Checking the sw design at  C:/repo/SOC/SoC_301/2_GROUND_WORK/3_EMBEDDED_C_BASIC/1_DATA_TYPE/USART_HW_wrapper/zynq_fsbl/zynq_fsbl_bsp/system.mss
TRACE::2026-09-10.23:43:08::SCWMssOS::DEBUG:  swdes dump  C:/repo/SOC/SoC_301/2_GROUND_WORK/3_EMBEDDED_C_BASIC/1_DATA_TYPE/USART_HW_wrapper/ps7_cortexa9_0/standalone_ps7_cortexa9_0/bsp/system.mss|system_0||
C:/repo/SOC/SoC_301/2_GROUND_WORK/3_EMBEDDED_C_BASIC/1_DATA_TYPE/USART_HW_wrapper/zynq_fsbl/zynq_fsbl_bsp/system.mss|system||

TRACE::2026-09-10.23:43:08::SCWMssOS::Sw design exists and opened at  C:/repo/SOC/SoC_301/2_GROUND_WORK/3_EMBEDDED_C_BASIC/1_DATA_TYPE/USART_HW_wrapper/zynq_fsbl/zynq_fsbl_bsp/system.mss
TRACE::2026-09-10.23:43:08::SCWPlatform::Trying to open the hw design at C:/repo/SOC/SoC_301/2_GROUND_WORK/3_EMBEDDED_C_BASIC/1_DATA_TYPE/USART_HW_wrapper/hw/USART_HW_wrapper.xsa
TRACE::2026-09-10.23:43:08::SCWPlatform::DSA given C:/repo/SOC/SoC_301/2_GROUND_WORK/3_EMBEDDED_C_BASIC/1_DATA_TYPE/USART_HW_wrapper/hw/USART_HW_wrapper.xsa
TRACE::2026-09-10.23:43:08::SCWPlatform::DSA absoulate path C:/repo/SOC/SoC_301/2_GROUND_WORK/3_EMBEDDED_C_BASIC/1_DATA_TYPE/USART_HW_wrapper/hw/USART_HW_wrapper.xsa
TRACE::2026-09-10.23:43:08::SCWPlatform::DSA directory C:/repo/SOC/SoC_301/2_GROUND_WORK/3_EMBEDDED_C_BASIC/1_DATA_TYPE/USART_HW_wrapper/hw
TRACE::2026-09-10.23:43:08::SCWPlatform:: Platform Path C:/repo/SOC/SoC_301/2_GROUND_WORK/3_EMBEDDED_C_BASIC/1_DATA_TYPE/USART_HW_wrapper/hw/USART_HW_wrapper.xsa
TRACE::2026-09-10.23:43:08::SCWPlatform:: Unique name xilinx:zybo-z7-20::0.0
TRACE::2026-09-10.23:43:08::SCWPlatform::Trying to set the existing hwdb with name USART_HW_wrapper_0
TRACE::2026-09-10.23:43:08::SCWPlatform::Opened existing hwdb USART_HW_wrapper_0
TRACE::2026-09-10.23:43:08::SCWPlatform::Found the Hw Db part of the input DSA
TRACE::2026-09-10.23:43:08::SCWMssOS::Checking the sw design at  C:/repo/SOC/SoC_301/2_GROUND_WORK/3_EMBEDDED_C_BASIC/1_DATA_TYPE/USART_HW_wrapper/zynq_fsbl/zynq_fsbl_bsp/system.mss
TRACE::2026-09-10.23:43:08::SCWMssOS::DEBUG:  swdes dump  C:/repo/SOC/SoC_301/2_GROUND_WORK/3_EMBEDDED_C_BASIC/1_DATA_TYPE/USART_HW_wrapper/ps7_cortexa9_0/standalone_ps7_cortexa9_0/bsp/system.mss|system_0||
C:/repo/SOC/SoC_301/2_GROUND_WORK/3_EMBEDDED_C_BASIC/1_DATA_TYPE/USART_HW_wrapper/zynq_fsbl/zynq_fsbl_bsp/system.mss|system||

TRACE::2026-09-10.23:43:08::SCWMssOS::Sw design exists and opened at  C:/repo/SOC/SoC_301/2_GROUND_WORK/3_EMBEDDED_C_BASIC/1_DATA_TYPE/USART_HW_wrapper/zynq_fsbl/zynq_fsbl_bsp/system.mss
TRACE::2026-09-10.23:43:08::SCWPlatform::Trying to open the hw design at C:/repo/SOC/SoC_301/2_GROUND_WORK/3_EMBEDDED_C_BASIC/1_DATA_TYPE/USART_HW_wrapper/hw/USART_HW_wrapper.xsa
TRACE::2026-09-10.23:43:08::SCWPlatform::DSA given C:/repo/SOC/SoC_301/2_GROUND_WORK/3_EMBEDDED_C_BASIC/1_DATA_TYPE/USART_HW_wrapper/hw/USART_HW_wrapper.xsa
TRACE::2026-09-10.23:43:08::SCWPlatform::DSA absoulate path C:/repo/SOC/SoC_301/2_GROUND_WORK/3_EMBEDDED_C_BASIC/1_DATA_TYPE/USART_HW_wrapper/hw/USART_HW_wrapper.xsa
TRACE::2026-09-10.23:43:08::SCWPlatform::DSA directory C:/repo/SOC/SoC_301/2_GROUND_WORK/3_EMBEDDED_C_BASIC/1_DATA_TYPE/USART_HW_wrapper/hw
TRACE::2026-09-10.23:43:08::SCWPlatform:: Platform Path C:/repo/SOC/SoC_301/2_GROUND_WORK/3_EMBEDDED_C_BASIC/1_DATA_TYPE/USART_HW_wrapper/hw/USART_HW_wrapper.xsa
TRACE::2026-09-10.23:43:08::SCWPlatform:: Unique name xilinx:zybo-z7-20::0.0
TRACE::2026-09-10.23:43:08::SCWPlatform::Trying to set the existing hwdb with name USART_HW_wrapper_0
TRACE::2026-09-10.23:43:08::SCWPlatform::Opened existing hwdb USART_HW_wrapper_0
TRACE::2026-09-10.23:43:08::SCWPlatform::Found the Hw Db part of the input DSA
TRACE::2026-09-10.23:43:08::SCWMssOS::Checking the sw design at  C:/repo/SOC/SoC_301/2_GROUND_WORK/3_EMBEDDED_C_BASIC/1_DATA_TYPE/USART_HW_wrapper/zynq_fsbl/zynq_fsbl_bsp/system.mss
TRACE::2026-09-10.23:43:08::SCWMssOS::DEBUG:  swdes dump  C:/repo/SOC/SoC_301/2_GROUND_WORK/3_EMBEDDED_C_BASIC/1_DATA_TYPE/USART_HW_wrapper/ps7_cortexa9_0/standalone_ps7_cortexa9_0/bsp/system.mss|system_0||
C:/repo/SOC/SoC_301/2_GROUND_WORK/3_EMBEDDED_C_BASIC/1_DATA_TYPE/USART_HW_wrapper/zynq_fsbl/zynq_fsbl_bsp/system.mss|system||

TRACE::2026-09-10.23:43:08::SCWMssOS::Sw design exists and opened at  C:/repo/SOC/SoC_301/2_GROUND_WORK/3_EMBEDDED_C_BASIC/1_DATA_TYPE/USART_HW_wrapper/zynq_fsbl/zynq_fsbl_bsp/system.mss
TRACE::2026-09-10.23:43:08::SCWPlatform::Trying to open the hw design at C:/repo/SOC/SoC_301/2_GROUND_WORK/3_EMBEDDED_C_BASIC/1_DATA_TYPE/USART_HW_wrapper/hw/USART_HW_wrapper.xsa
TRACE::2026-09-10.23:43:08::SCWPlatform::DSA given C:/repo/SOC/SoC_301/2_GROUND_WORK/3_EMBEDDED_C_BASIC/1_DATA_TYPE/USART_HW_wrapper/hw/USART_HW_wrapper.xsa
TRACE::2026-09-10.23:43:08::SCWPlatform::DSA absoulate path C:/repo/SOC/SoC_301/2_GROUND_WORK/3_EMBEDDED_C_BASIC/1_DATA_TYPE/USART_HW_wrapper/hw/USART_HW_wrapper.xsa
TRACE::2026-09-10.23:43:08::SCWPlatform::DSA directory C:/repo/SOC/SoC_301/2_GROUND_WORK/3_EMBEDDED_C_BASIC/1_DATA_TYPE/USART_HW_wrapper/hw
TRACE::2026-09-10.23:43:08::SCWPlatform:: Platform Path C:/repo/SOC/SoC_301/2_GROUND_WORK/3_EMBEDDED_C_BASIC/1_DATA_TYPE/USART_HW_wrapper/hw/USART_HW_wrapper.xsa
TRACE::2026-09-10.23:43:08::SCWPlatform:: Unique name xilinx:zybo-z7-20::0.0
TRACE::2026-09-10.23:43:08::SCWPlatform::Trying to set the existing hwdb with name USART_HW_wrapper_0
TRACE::2026-09-10.23:43:08::SCWPlatform::Opened existing hwdb USART_HW_wrapper_0
TRACE::2026-09-10.23:43:08::SCWPlatform::Found the Hw Db part of the input DSA
TRACE::2026-09-10.23:43:08::SCWMssOS::Checking the sw design at  C:/repo/SOC/SoC_301/2_GROUND_WORK/3_EMBEDDED_C_BASIC/1_DATA_TYPE/USART_HW_wrapper/ps7_cortexa9_0/standalone_ps7_cortexa9_0/bsp/system.mss
TRACE::2026-09-10.23:43:08::SCWMssOS::DEBUG:  swdes dump  C:/repo/SOC/SoC_301/2_GROUND_WORK/3_EMBEDDED_C_BASIC/1_DATA_TYPE/USART_HW_wrapper/ps7_cortexa9_0/standalone_ps7_cortexa9_0/bsp/system.mss|system_0||
C:/repo/SOC/SoC_301/2_GROUND_WORK/3_EMBEDDED_C_BASIC/1_DATA_TYPE/USART_HW_wrapper/zynq_fsbl/zynq_fsbl_bsp/system.mss|system||

TRACE::2026-09-10.23:43:08::SCWMssOS::Sw design exists and opened at  C:/repo/SOC/SoC_301/2_GROUND_WORK/3_EMBEDDED_C_BASIC/1_DATA_TYPE/USART_HW_wrapper/ps7_cortexa9_0/standalone_ps7_cortexa9_0/bsp/system.mss
TRACE::2026-09-10.23:43:08::SCWPlatform::Trying to open the hw design at C:/repo/SOC/SoC_301/2_GROUND_WORK/3_EMBEDDED_C_BASIC/1_DATA_TYPE/USART_HW_wrapper/hw/USART_HW_wrapper.xsa
TRACE::2026-09-10.23:43:08::SCWPlatform::DSA given C:/repo/SOC/SoC_301/2_GROUND_WORK/3_EMBEDDED_C_BASIC/1_DATA_TYPE/USART_HW_wrapper/hw/USART_HW_wrapper.xsa
TRACE::2026-09-10.23:43:08::SCWPlatform::DSA absoulate path C:/repo/SOC/SoC_301/2_GROUND_WORK/3_EMBEDDED_C_BASIC/1_DATA_TYPE/USART_HW_wrapper/hw/USART_HW_wrapper.xsa
TRACE::2026-09-10.23:43:08::SCWPlatform::DSA directory C:/repo/SOC/SoC_301/2_GROUND_WORK/3_EMBEDDED_C_BASIC/1_DATA_TYPE/USART_HW_wrapper/hw
TRACE::2026-09-10.23:43:08::SCWPlatform:: Platform Path C:/repo/SOC/SoC_301/2_GROUND_WORK/3_EMBEDDED_C_BASIC/1_DATA_TYPE/USART_HW_wrapper/hw/USART_HW_wrapper.xsa
TRACE::2026-09-10.23:43:08::SCWPlatform:: Unique name xilinx:zybo-z7-20::0.0
TRACE::2026-09-10.23:43:08::SCWPlatform::Trying to set the existing hwdb with name USART_HW_wrapper_0
TRACE::2026-09-10.23:43:08::SCWPlatform::Opened existing hwdb USART_HW_wrapper_0
TRACE::2026-09-10.23:43:08::SCWPlatform::Found the Hw Db part of the input DSA
TRACE::2026-09-10.23:43:08::SCWMssOS::Checking the sw design at  C:/repo/SOC/SoC_301/2_GROUND_WORK/3_EMBEDDED_C_BASIC/1_DATA_TYPE/USART_HW_wrapper/ps7_cortexa9_0/standalone_ps7_cortexa9_0/bsp/system.mss
TRACE::2026-09-10.23:43:08::SCWMssOS::DEBUG:  swdes dump  C:/repo/SOC/SoC_301/2_GROUND_WORK/3_EMBEDDED_C_BASIC/1_DATA_TYPE/USART_HW_wrapper/ps7_cortexa9_0/standalone_ps7_cortexa9_0/bsp/system.mss|system_0||
C:/repo/SOC/SoC_301/2_GROUND_WORK/3_EMBEDDED_C_BASIC/1_DATA_TYPE/USART_HW_wrapper/zynq_fsbl/zynq_fsbl_bsp/system.mss|system||

TRACE::2026-09-10.23:43:08::SCWMssOS::Sw design exists and opened at  C:/repo/SOC/SoC_301/2_GROUND_WORK/3_EMBEDDED_C_BASIC/1_DATA_TYPE/USART_HW_wrapper/ps7_cortexa9_0/standalone_ps7_cortexa9_0/bsp/system.mss
TRACE::2026-09-10.23:43:08::SCWPlatform::Trying to open the hw design at C:/repo/SOC/SoC_301/2_GROUND_WORK/3_EMBEDDED_C_BASIC/1_DATA_TYPE/USART_HW_wrapper/hw/USART_HW_wrapper.xsa
TRACE::2026-09-10.23:43:08::SCWPlatform::DSA given C:/repo/SOC/SoC_301/2_GROUND_WORK/3_EMBEDDED_C_BASIC/1_DATA_TYPE/USART_HW_wrapper/hw/USART_HW_wrapper.xsa
TRACE::2026-09-10.23:43:08::SCWPlatform::DSA absoulate path C:/repo/SOC/SoC_301/2_GROUND_WORK/3_EMBEDDED_C_BASIC/1_DATA_TYPE/USART_HW_wrapper/hw/USART_HW_wrapper.xsa
TRACE::2026-09-10.23:43:08::SCWPlatform::DSA directory C:/repo/SOC/SoC_301/2_GROUND_WORK/3_EMBEDDED_C_BASIC/1_DATA_TYPE/USART_HW_wrapper/hw
TRACE::2026-09-10.23:43:08::SCWPlatform:: Platform Path C:/repo/SOC/SoC_301/2_GROUND_WORK/3_EMBEDDED_C_BASIC/1_DATA_TYPE/USART_HW_wrapper/hw/USART_HW_wrapper.xsa
TRACE::2026-09-10.23:43:08::SCWPlatform:: Unique name xilinx:zybo-z7-20::0.0
TRACE::2026-09-10.23:43:08::SCWPlatform::Trying to set the existing hwdb with name USART_HW_wrapper_0
TRACE::2026-09-10.23:43:08::SCWPlatform::Opened existing hwdb USART_HW_wrapper_0
TRACE::2026-09-10.23:43:08::SCWPlatform::Found the Hw Db part of the input DSA
TRACE::2026-09-10.23:43:08::SCWMssOS::Checking the sw design at  C:/repo/SOC/SoC_301/2_GROUND_WORK/3_EMBEDDED_C_BASIC/1_DATA_TYPE/USART_HW_wrapper/ps7_cortexa9_0/standalone_ps7_cortexa9_0/bsp/system.mss
TRACE::2026-09-10.23:43:08::SCWMssOS::DEBUG:  swdes dump  C:/repo/SOC/SoC_301/2_GROUND_WORK/3_EMBEDDED_C_BASIC/1_DATA_TYPE/USART_HW_wrapper/ps7_cortexa9_0/standalone_ps7_cortexa9_0/bsp/system.mss|system_0||
C:/repo/SOC/SoC_301/2_GROUND_WORK/3_EMBEDDED_C_BASIC/1_DATA_TYPE/USART_HW_wrapper/zynq_fsbl/zynq_fsbl_bsp/system.mss|system||

TRACE::2026-09-10.23:43:08::SCWMssOS::Sw design exists and opened at  C:/repo/SOC/SoC_301/2_GROUND_WORK/3_EMBEDDED_C_BASIC/1_DATA_TYPE/USART_HW_wrapper/ps7_cortexa9_0/standalone_ps7_cortexa9_0/bsp/system.mss
TRACE::2026-09-10.23:43:08::SCWWriter::formatted JSON is {
	"platformName":	"USART_HW_wrapper",
	"sprVersion":	"2.0",
	"mode":	"gui",
	"dsaType":	"Fixed",
	"platformDesc":	"USART_HW_wrapper",
	"platHandOff":	"C:/repo/SOC/SoC_301/2_GROUND_WORK/2_PS_BASIC/1_USART_CONNECTION_HW/USART_HW_wrapper.xsa",
	"platIntHandOff":	"<platformDir>/hw/USART_HW_wrapper.xsa",
	"deviceType":	"zynq",
	"platIsPrebuiltAutogen":	"false",
	"platIsNoBootBsp":	"false",
	"platFsblTarget":	"ps7_cortexa9_0",
	"hasFsblMakeHasChanges":	"false",
	"hasPmufwMakeHasChanges":	"false",
	"fsblExtraCompilerFlags":	"-MMD -MP       -mcpu=cortex-a9 -mfpu=vfpv3 -mfloat-abi=hard ",
	"platPreBuiltFlag":	false,
	"platformSamplesDir":	"",
	"platActiveSys":	"USART_HW_wrapper",
	"systems":	[{
			"systemName":	"USART_HW_wrapper",
			"systemDesc":	"USART_HW_wrapper",
			"sysIsBootAutoGen":	"true",
			"systemDispName":	"USART_HW_wrapper",
			"sysActiveDom":	"standalone_ps7_cortexa9_0",
			"sysDefaultDom":	"standalone_ps7_cortexa9_0",
			"domains":	[{
					"domainName":	"zynq_fsbl",
					"domainDispName":	"zynq_fsbl",
					"domainDesc":	"FSBL Application BSP - Auto Generated.",
					"processors":	"ps7_cortexa9_0",
					"os":	"standalone",
					"sdxOs":	"standalone",
					"debugEnable":	"",
					"domRuntimes":	["cpp"],
					"swRepo":	"",
					"mssOsVer":	"9.2",
					"mssFile":	"",
					"md5Digest":	"0d85eb7594d9e7e2c8af45a785783646",
					"compatibleApp":	"zynq_fsbl",
					"domType":	"bootDomain",
					"arch":	"32-bit",
					"appSettings":	{
						"appCompilerFlags":	"",
						"appLinkerFlags":	""
					},
					"addedLibs":	["xilffs:5.3", "xilrsa:1.8"],
					"libOptions":	{
						"libsContainingOptions":	[]
					},
					"prebuiltLibs":	{
						"prebuiltIncPath":	[],
						"prebuiltLibPath":	[]
					},
					"isolation":	{
					}
				}, {
					"domainName":	"standalone_ps7_cortexa9_0",
					"domainDispName":	"standalone_ps7_cortexa9_0",
					"domainDesc":	"standalone_ps7_cortexa9_0",
					"processors":	"ps7_cortexa9_0",
					"os":	"standalone",
					"sdxOs":	"standalone",
					"qemuArgs":	"<platformDir>/resources/USART_HW_wrapper/standalone_ps7_cortexa9_0/qemu_args.txt",
					"qemuData":	"<platformDir>/resources/USART_HW_wrapper/standalone_ps7_cortexa9_0/qemu",
					"debugEnable":	"False",
					"domRuntimes":	["cpp"],
					"swRepo":	"",
					"mssOsVer":	"9.2",
					"mssFile":	"",
					"md5Digest":	"6c4fd263b60a06a02b9d485d16afff8a",
					"compatibleApp":	"hello_world",
					"domType":	"mssDomain",
					"arch":	"32-bit",
					"appSettings":	{
						"appCompilerFlags":	"",
						"appLinkerFlags":	""
					},
					"addedLibs":	[],
					"libOptions":	{
						"libsContainingOptions":	[]
					},
					"prebuiltLibs":	{
						"prebuiltIncPath":	[],
						"prebuiltLibPath":	[]
					},
					"isolation":	{
					}
				}]
		}]
}
LOG::2026-09-10.23:43:08::SCWPlatform::Started generating the artifacts platform USART_HW_wrapper
TRACE::2026-09-10.23:43:08::SCWPlatform::Sanity checking of platform is completed
LOG::2026-09-10.23:43:08::SCWPlatform::Started generating the artifacts for system configuration USART_HW_wrapper
LOG::2026-09-10.23:43:08::SCWSystem::Started Processing the domain standalone_ps7_cortexa9_0
TRACE::2026-09-10.23:43:08::SCWDomain::Generating domain artifcats
TRACE::2026-09-10.23:43:08::SCWMssOS::Generating standalone artifcats
TRACE::2026-09-10.23:43:08::SCWMssOS::Copying the qemu file from  C:/repo/SOC/SoC_301/2_GROUND_WORK/3_EMBEDDED_C_BASIC/1_DATA_TYPE/USART_HW_wrapper/resources/USART_HW_wrapper/standalone_ps7_cortexa9_0/qemu_args.txt To C:/repo/SOC/SoC_301/2_GROUND_WORK/3_EMBEDDED_C_BASIC/1_DATA_TYPE/USART_HW_wrapper/export/USART_HW_wrapper/sw/USART_HW_wrapper/qemu/
TRACE::2026-09-10.23:43:08::SCWMssOS::Copying the qemu file from  C:/repo/SOC/SoC_301/2_GROUND_WORK/3_EMBEDDED_C_BASIC/1_DATA_TYPE/USART_HW_wrapper/resources/USART_HW_wrapper/standalone_ps7_cortexa9_0/qemu_args.txt To C:/repo/SOC/SoC_301/2_GROUND_WORK/3_EMBEDDED_C_BASIC/1_DATA_TYPE/USART_HW_wrapper/export/USART_HW_wrapper/sw/USART_HW_wrapper/standalone_ps7_cortexa9_0/qemu/
TRACE::2026-09-10.23:43:08::SCWMssOS:: Copying the user libraries. 
TRACE::2026-09-10.23:43:08::SCWPlatform::Trying to open the hw design at C:/repo/SOC/SoC_301/2_GROUND_WORK/3_EMBEDDED_C_BASIC/1_DATA_TYPE/USART_HW_wrapper/hw/USART_HW_wrapper.xsa
TRACE::2026-09-10.23:43:08::SCWPlatform::DSA given C:/repo/SOC/SoC_301/2_GROUND_WORK/3_EMBEDDED_C_BASIC/1_DATA_TYPE/USART_HW_wrapper/hw/USART_HW_wrapper.xsa
TRACE::2026-09-10.23:43:08::SCWPlatform::DSA absoulate path C:/repo/SOC/SoC_301/2_GROUND_WORK/3_EMBEDDED_C_BASIC/1_DATA_TYPE/USART_HW_wrapper/hw/USART_HW_wrapper.xsa
TRACE::2026-09-10.23:43:08::SCWPlatform::DSA directory C:/repo/SOC/SoC_301/2_GROUND_WORK/3_EMBEDDED_C_BASIC/1_DATA_TYPE/USART_HW_wrapper/hw
TRACE::2026-09-10.23:43:08::SCWPlatform:: Platform Path C:/repo/SOC/SoC_301/2_GROUND_WORK/3_EMBEDDED_C_BASIC/1_DATA_TYPE/USART_HW_wrapper/hw/USART_HW_wrapper.xsa
TRACE::2026-09-10.23:43:08::SCWPlatform:: Unique name xilinx:zybo-z7-20::0.0
TRACE::2026-09-10.23:43:08::SCWPlatform::Trying to set the existing hwdb with name USART_HW_wrapper_0
TRACE::2026-09-10.23:43:08::SCWPlatform::Opened existing hwdb USART_HW_wrapper_0
TRACE::2026-09-10.23:43:08::SCWPlatform::Found the Hw Db part of the input DSA
TRACE::2026-09-10.23:43:08::SCWMssOS::Checking the sw design at  C:/repo/SOC/SoC_301/2_GROUND_WORK/3_EMBEDDED_C_BASIC/1_DATA_TYPE/USART_HW_wrapper/ps7_cortexa9_0/standalone_ps7_cortexa9_0/bsp/system.mss
TRACE::2026-09-10.23:43:08::SCWMssOS::DEBUG:  swdes dump  C:/repo/SOC/SoC_301/2_GROUND_WORK/3_EMBEDDED_C_BASIC/1_DATA_TYPE/USART_HW_wrapper/ps7_cortexa9_0/standalone_ps7_cortexa9_0/bsp/system.mss|system_0||
C:/repo/SOC/SoC_301/2_GROUND_WORK/3_EMBEDDED_C_BASIC/1_DATA_TYPE/USART_HW_wrapper/zynq_fsbl/zynq_fsbl_bsp/system.mss|system||

TRACE::2026-09-10.23:43:08::SCWMssOS::Sw design exists and opened at  C:/repo/SOC/SoC_301/2_GROUND_WORK/3_EMBEDDED_C_BASIC/1_DATA_TYPE/USART_HW_wrapper/ps7_cortexa9_0/standalone_ps7_cortexa9_0/bsp/system.mss
TRACE::2026-09-10.23:43:08::SCWMssOS::Completed writing the mss file at C:/repo/SOC/SoC_301/2_GROUND_WORK/3_EMBEDDED_C_BASIC/1_DATA_TYPE/USART_HW_wrapper/ps7_cortexa9_0/standalone_ps7_cortexa9_0/bsp
TRACE::2026-09-10.23:43:08::SCWMssOS::Mss edits present, copying mssfile into export location C:/repo/SOC/SoC_301/2_GROUND_WORK/3_EMBEDDED_C_BASIC/1_DATA_TYPE/USART_HW_wrapper/ps7_cortexa9_0/standalone_ps7_cortexa9_0/bsp/system.mss
TRACE::2026-09-10.23:43:08::SCWMssOS::bsp generated is upto date with the mss file. Skipping bsp generation.
TRACE::2026-09-10.23:43:08::SCWMssOS::BSP is already built. skipping the bsp build ... 
TRACE::2026-09-10.23:43:08::SCWDomain::Building the domain as part of full build :  standalone_ps7_cortexa9_0
TRACE::2026-09-10.23:43:08::SCWMssOS::skipping the bsp build ... 
TRACE::2026-09-10.23:43:08::SCWMssOS::Copying to export directory.
TRACE::2026-09-10.23:43:08::SCWMssOS:: Checking if to create the Supporting Applications
TRACE::2026-09-10.23:43:08::SCWMssOS:: No Linux domain exists, trying to generate FSBL 
TRACE::2026-09-10.23:43:08::SCWMssOS:: Completed Standalone Artifacts creation 
LOG::2026-09-10.23:43:08::SCWSystem::Completed Processing the domain standalone_ps7_cortexa9_0
LOG::2026-09-10.23:43:08::SCWSystem::Completed Processing the sysconfig USART_HW_wrapper
LOG::2026-09-10.23:43:08::SCWPlatform::Completed generating the artifacts for system configuration USART_HW_wrapper
TRACE::2026-09-10.23:43:08::SCWPlatform::Started preparing the platform 
TRACE::2026-09-10.23:43:08::SCWSystem::Writing the bif file for system config USART_HW_wrapper
TRACE::2026-09-10.23:43:08::SCWSystem::dir created 
TRACE::2026-09-10.23:43:08::SCWSystem::Writing the bif 
TRACE::2026-09-10.23:43:08::SCWPlatform::Started writing the spfm file 
TRACE::2026-09-10.23:43:08::SCWPlatform::Started writing the xpfm file 
TRACE::2026-09-10.23:43:08::SCWPlatform::Completed generating the platform
TRACE::2026-09-10.23:43:08::SCWMssOS::Saving the mss changes C:/repo/SOC/SoC_301/2_GROUND_WORK/3_EMBEDDED_C_BASIC/1_DATA_TYPE/USART_HW_wrapper/zynq_fsbl/zynq_fsbl_bsp/system.mss
TRACE::2026-09-10.23:43:08::SCWMssOS::Found a swdesign opened with the mssfile.
TRACE::2026-09-10.23:43:08::SCWMssOS::Completed writemss as part of save.
TRACE::2026-09-10.23:43:08::SCWMssOS::Commit changes completed.
TRACE::2026-09-10.23:43:08::SCWMssOS::Saving the mss changes C:/repo/SOC/SoC_301/2_GROUND_WORK/3_EMBEDDED_C_BASIC/1_DATA_TYPE/USART_HW_wrapper/ps7_cortexa9_0/standalone_ps7_cortexa9_0/bsp/system.mss
TRACE::2026-09-10.23:43:08::SCWMssOS::Found a swdesign opened with the mssfile.
TRACE::2026-09-10.23:43:08::SCWMssOS::Completed writemss as part of save.
TRACE::2026-09-10.23:43:08::SCWMssOS::Commit changes completed.
TRACE::2026-09-10.23:43:08::SCWPlatform::Trying to open the hw design at C:/repo/SOC/SoC_301/2_GROUND_WORK/3_EMBEDDED_C_BASIC/1_DATA_TYPE/USART_HW_wrapper/hw/USART_HW_wrapper.xsa
TRACE::2026-09-10.23:43:08::SCWPlatform::DSA given C:/repo/SOC/SoC_301/2_GROUND_WORK/3_EMBEDDED_C_BASIC/1_DATA_TYPE/USART_HW_wrapper/hw/USART_HW_wrapper.xsa
TRACE::2026-09-10.23:43:08::SCWPlatform::DSA absoulate path C:/repo/SOC/SoC_301/2_GROUND_WORK/3_EMBEDDED_C_BASIC/1_DATA_TYPE/USART_HW_wrapper/hw/USART_HW_wrapper.xsa
TRACE::2026-09-10.23:43:08::SCWPlatform::DSA directory C:/repo/SOC/SoC_301/2_GROUND_WORK/3_EMBEDDED_C_BASIC/1_DATA_TYPE/USART_HW_wrapper/hw
TRACE::2026-09-10.23:43:08::SCWPlatform:: Platform Path C:/repo/SOC/SoC_301/2_GROUND_WORK/3_EMBEDDED_C_BASIC/1_DATA_TYPE/USART_HW_wrapper/hw/USART_HW_wrapper.xsa
TRACE::2026-09-10.23:43:08::SCWPlatform:: Unique name xilinx:zybo-z7-20::0.0
TRACE::2026-09-10.23:43:08::SCWPlatform::Trying to set the existing hwdb with name USART_HW_wrapper_0
TRACE::2026-09-10.23:43:08::SCWPlatform::Opened existing hwdb USART_HW_wrapper_0
TRACE::2026-09-10.23:43:08::SCWPlatform::Found the Hw Db part of the input DSA
TRACE::2026-09-10.23:43:08::SCWMssOS::Checking the sw design at  C:/repo/SOC/SoC_301/2_GROUND_WORK/3_EMBEDDED_C_BASIC/1_DATA_TYPE/USART_HW_wrapper/zynq_fsbl/zynq_fsbl_bsp/system.mss
TRACE::2026-09-10.23:43:08::SCWMssOS::DEBUG:  swdes dump  C:/repo/SOC/SoC_301/2_GROUND_WORK/3_EMBEDDED_C_BASIC/1_DATA_TYPE/USART_HW_wrapper/ps7_cortexa9_0/standalone_ps7_cortexa9_0/bsp/system.mss|system_0||
C:/repo/SOC/SoC_301/2_GROUND_WORK/3_EMBEDDED_C_BASIC/1_DATA_TYPE/USART_HW_wrapper/zynq_fsbl/zynq_fsbl_bsp/system.mss|system||

TRACE::2026-09-10.23:43:08::SCWMssOS::Sw design exists and opened at  C:/repo/SOC/SoC_301/2_GROUND_WORK/3_EMBEDDED_C_BASIC/1_DATA_TYPE/USART_HW_wrapper/zynq_fsbl/zynq_fsbl_bsp/system.mss
TRACE::2026-09-10.23:43:08::SCWPlatform::Trying to open the hw design at C:/repo/SOC/SoC_301/2_GROUND_WORK/3_EMBEDDED_C_BASIC/1_DATA_TYPE/USART_HW_wrapper/hw/USART_HW_wrapper.xsa
TRACE::2026-09-10.23:43:08::SCWPlatform::DSA given C:/repo/SOC/SoC_301/2_GROUND_WORK/3_EMBEDDED_C_BASIC/1_DATA_TYPE/USART_HW_wrapper/hw/USART_HW_wrapper.xsa
TRACE::2026-09-10.23:43:08::SCWPlatform::DSA absoulate path C:/repo/SOC/SoC_301/2_GROUND_WORK/3_EMBEDDED_C_BASIC/1_DATA_TYPE/USART_HW_wrapper/hw/USART_HW_wrapper.xsa
TRACE::2026-09-10.23:43:08::SCWPlatform::DSA directory C:/repo/SOC/SoC_301/2_GROUND_WORK/3_EMBEDDED_C_BASIC/1_DATA_TYPE/USART_HW_wrapper/hw
TRACE::2026-09-10.23:43:08::SCWPlatform:: Platform Path C:/repo/SOC/SoC_301/2_GROUND_WORK/3_EMBEDDED_C_BASIC/1_DATA_TYPE/USART_HW_wrapper/hw/USART_HW_wrapper.xsa
TRACE::2026-09-10.23:43:08::SCWPlatform:: Unique name xilinx:zybo-z7-20::0.0
TRACE::2026-09-10.23:43:08::SCWPlatform::Trying to set the existing hwdb with name USART_HW_wrapper_0
TRACE::2026-09-10.23:43:08::SCWPlatform::Opened existing hwdb USART_HW_wrapper_0
TRACE::2026-09-10.23:43:08::SCWPlatform::Found the Hw Db part of the input DSA
TRACE::2026-09-10.23:43:08::SCWMssOS::Checking the sw design at  C:/repo/SOC/SoC_301/2_GROUND_WORK/3_EMBEDDED_C_BASIC/1_DATA_TYPE/USART_HW_wrapper/zynq_fsbl/zynq_fsbl_bsp/system.mss
TRACE::2026-09-10.23:43:08::SCWMssOS::DEBUG:  swdes dump  C:/repo/SOC/SoC_301/2_GROUND_WORK/3_EMBEDDED_C_BASIC/1_DATA_TYPE/USART_HW_wrapper/ps7_cortexa9_0/standalone_ps7_cortexa9_0/bsp/system.mss|system_0||
C:/repo/SOC/SoC_301/2_GROUND_WORK/3_EMBEDDED_C_BASIC/1_DATA_TYPE/USART_HW_wrapper/zynq_fsbl/zynq_fsbl_bsp/system.mss|system||

TRACE::2026-09-10.23:43:08::SCWMssOS::Sw design exists and opened at  C:/repo/SOC/SoC_301/2_GROUND_WORK/3_EMBEDDED_C_BASIC/1_DATA_TYPE/USART_HW_wrapper/zynq_fsbl/zynq_fsbl_bsp/system.mss
TRACE::2026-09-10.23:43:08::SCWPlatform::Trying to open the hw design at C:/repo/SOC/SoC_301/2_GROUND_WORK/3_EMBEDDED_C_BASIC/1_DATA_TYPE/USART_HW_wrapper/hw/USART_HW_wrapper.xsa
TRACE::2026-09-10.23:43:08::SCWPlatform::DSA given C:/repo/SOC/SoC_301/2_GROUND_WORK/3_EMBEDDED_C_BASIC/1_DATA_TYPE/USART_HW_wrapper/hw/USART_HW_wrapper.xsa
TRACE::2026-09-10.23:43:08::SCWPlatform::DSA absoulate path C:/repo/SOC/SoC_301/2_GROUND_WORK/3_EMBEDDED_C_BASIC/1_DATA_TYPE/USART_HW_wrapper/hw/USART_HW_wrapper.xsa
TRACE::2026-09-10.23:43:08::SCWPlatform::DSA directory C:/repo/SOC/SoC_301/2_GROUND_WORK/3_EMBEDDED_C_BASIC/1_DATA_TYPE/USART_HW_wrapper/hw
TRACE::2026-09-10.23:43:08::SCWPlatform:: Platform Path C:/repo/SOC/SoC_301/2_GROUND_WORK/3_EMBEDDED_C_BASIC/1_DATA_TYPE/USART_HW_wrapper/hw/USART_HW_wrapper.xsa
TRACE::2026-09-10.23:43:08::SCWPlatform:: Unique name xilinx:zybo-z7-20::0.0
TRACE::2026-09-10.23:43:08::SCWPlatform::Trying to set the existing hwdb with name USART_HW_wrapper_0
TRACE::2026-09-10.23:43:08::SCWPlatform::Opened existing hwdb USART_HW_wrapper_0
TRACE::2026-09-10.23:43:08::SCWPlatform::Found the Hw Db part of the input DSA
TRACE::2026-09-10.23:43:08::SCWMssOS::Checking the sw design at  C:/repo/SOC/SoC_301/2_GROUND_WORK/3_EMBEDDED_C_BASIC/1_DATA_TYPE/USART_HW_wrapper/zynq_fsbl/zynq_fsbl_bsp/system.mss
TRACE::2026-09-10.23:43:08::SCWMssOS::DEBUG:  swdes dump  C:/repo/SOC/SoC_301/2_GROUND_WORK/3_EMBEDDED_C_BASIC/1_DATA_TYPE/USART_HW_wrapper/ps7_cortexa9_0/standalone_ps7_cortexa9_0/bsp/system.mss|system_0||
C:/repo/SOC/SoC_301/2_GROUND_WORK/3_EMBEDDED_C_BASIC/1_DATA_TYPE/USART_HW_wrapper/zynq_fsbl/zynq_fsbl_bsp/system.mss|system||

TRACE::2026-09-10.23:43:08::SCWMssOS::Sw design exists and opened at  C:/repo/SOC/SoC_301/2_GROUND_WORK/3_EMBEDDED_C_BASIC/1_DATA_TYPE/USART_HW_wrapper/zynq_fsbl/zynq_fsbl_bsp/system.mss
TRACE::2026-09-10.23:43:08::SCWPlatform::Trying to open the hw design at C:/repo/SOC/SoC_301/2_GROUND_WORK/3_EMBEDDED_C_BASIC/1_DATA_TYPE/USART_HW_wrapper/hw/USART_HW_wrapper.xsa
TRACE::2026-09-10.23:43:08::SCWPlatform::DSA given C:/repo/SOC/SoC_301/2_GROUND_WORK/3_EMBEDDED_C_BASIC/1_DATA_TYPE/USART_HW_wrapper/hw/USART_HW_wrapper.xsa
TRACE::2026-09-10.23:43:08::SCWPlatform::DSA absoulate path C:/repo/SOC/SoC_301/2_GROUND_WORK/3_EMBEDDED_C_BASIC/1_DATA_TYPE/USART_HW_wrapper/hw/USART_HW_wrapper.xsa
TRACE::2026-09-10.23:43:08::SCWPlatform::DSA directory C:/repo/SOC/SoC_301/2_GROUND_WORK/3_EMBEDDED_C_BASIC/1_DATA_TYPE/USART_HW_wrapper/hw
TRACE::2026-09-10.23:43:08::SCWPlatform:: Platform Path C:/repo/SOC/SoC_301/2_GROUND_WORK/3_EMBEDDED_C_BASIC/1_DATA_TYPE/USART_HW_wrapper/hw/USART_HW_wrapper.xsa
TRACE::2026-09-10.23:43:08::SCWPlatform:: Unique name xilinx:zybo-z7-20::0.0
TRACE::2026-09-10.23:43:08::SCWPlatform::Trying to set the existing hwdb with name USART_HW_wrapper_0
TRACE::2026-09-10.23:43:08::SCWPlatform::Opened existing hwdb USART_HW_wrapper_0
TRACE::2026-09-10.23:43:08::SCWPlatform::Found the Hw Db part of the input DSA
TRACE::2026-09-10.23:43:08::SCWMssOS::Checking the sw design at  C:/repo/SOC/SoC_301/2_GROUND_WORK/3_EMBEDDED_C_BASIC/1_DATA_TYPE/USART_HW_wrapper/ps7_cortexa9_0/standalone_ps7_cortexa9_0/bsp/system.mss
TRACE::2026-09-10.23:43:08::SCWMssOS::DEBUG:  swdes dump  C:/repo/SOC/SoC_301/2_GROUND_WORK/3_EMBEDDED_C_BASIC/1_DATA_TYPE/USART_HW_wrapper/ps7_cortexa9_0/standalone_ps7_cortexa9_0/bsp/system.mss|system_0||
C:/repo/SOC/SoC_301/2_GROUND_WORK/3_EMBEDDED_C_BASIC/1_DATA_TYPE/USART_HW_wrapper/zynq_fsbl/zynq_fsbl_bsp/system.mss|system||

TRACE::2026-09-10.23:43:08::SCWMssOS::Sw design exists and opened at  C:/repo/SOC/SoC_301/2_GROUND_WORK/3_EMBEDDED_C_BASIC/1_DATA_TYPE/USART_HW_wrapper/ps7_cortexa9_0/standalone_ps7_cortexa9_0/bsp/system.mss
TRACE::2026-09-10.23:43:08::SCWPlatform::Trying to open the hw design at C:/repo/SOC/SoC_301/2_GROUND_WORK/3_EMBEDDED_C_BASIC/1_DATA_TYPE/USART_HW_wrapper/hw/USART_HW_wrapper.xsa
TRACE::2026-09-10.23:43:08::SCWPlatform::DSA given C:/repo/SOC/SoC_301/2_GROUND_WORK/3_EMBEDDED_C_BASIC/1_DATA_TYPE/USART_HW_wrapper/hw/USART_HW_wrapper.xsa
TRACE::2026-09-10.23:43:08::SCWPlatform::DSA absoulate path C:/repo/SOC/SoC_301/2_GROUND_WORK/3_EMBEDDED_C_BASIC/1_DATA_TYPE/USART_HW_wrapper/hw/USART_HW_wrapper.xsa
TRACE::2026-09-10.23:43:08::SCWPlatform::DSA directory C:/repo/SOC/SoC_301/2_GROUND_WORK/3_EMBEDDED_C_BASIC/1_DATA_TYPE/USART_HW_wrapper/hw
TRACE::2026-09-10.23:43:08::SCWPlatform:: Platform Path C:/repo/SOC/SoC_301/2_GROUND_WORK/3_EMBEDDED_C_BASIC/1_DATA_TYPE/USART_HW_wrapper/hw/USART_HW_wrapper.xsa
TRACE::2026-09-10.23:43:08::SCWPlatform:: Unique name xilinx:zybo-z7-20::0.0
TRACE::2026-09-10.23:43:08::SCWPlatform::Trying to set the existing hwdb with name USART_HW_wrapper_0
TRACE::2026-09-10.23:43:08::SCWPlatform::Opened existing hwdb USART_HW_wrapper_0
TRACE::2026-09-10.23:43:08::SCWPlatform::Found the Hw Db part of the input DSA
TRACE::2026-09-10.23:43:08::SCWMssOS::Checking the sw design at  C:/repo/SOC/SoC_301/2_GROUND_WORK/3_EMBEDDED_C_BASIC/1_DATA_TYPE/USART_HW_wrapper/ps7_cortexa9_0/standalone_ps7_cortexa9_0/bsp/system.mss
TRACE::2026-09-10.23:43:08::SCWMssOS::DEBUG:  swdes dump  C:/repo/SOC/SoC_301/2_GROUND_WORK/3_EMBEDDED_C_BASIC/1_DATA_TYPE/USART_HW_wrapper/ps7_cortexa9_0/standalone_ps7_cortexa9_0/bsp/system.mss|system_0||
C:/repo/SOC/SoC_301/2_GROUND_WORK/3_EMBEDDED_C_BASIC/1_DATA_TYPE/USART_HW_wrapper/zynq_fsbl/zynq_fsbl_bsp/system.mss|system||

TRACE::2026-09-10.23:43:08::SCWMssOS::Sw design exists and opened at  C:/repo/SOC/SoC_301/2_GROUND_WORK/3_EMBEDDED_C_BASIC/1_DATA_TYPE/USART_HW_wrapper/ps7_cortexa9_0/standalone_ps7_cortexa9_0/bsp/system.mss
TRACE::2026-09-10.23:43:08::SCWPlatform::Trying to open the hw design at C:/repo/SOC/SoC_301/2_GROUND_WORK/3_EMBEDDED_C_BASIC/1_DATA_TYPE/USART_HW_wrapper/hw/USART_HW_wrapper.xsa
TRACE::2026-09-10.23:43:08::SCWPlatform::DSA given C:/repo/SOC/SoC_301/2_GROUND_WORK/3_EMBEDDED_C_BASIC/1_DATA_TYPE/USART_HW_wrapper/hw/USART_HW_wrapper.xsa
TRACE::2026-09-10.23:43:08::SCWPlatform::DSA absoulate path C:/repo/SOC/SoC_301/2_GROUND_WORK/3_EMBEDDED_C_BASIC/1_DATA_TYPE/USART_HW_wrapper/hw/USART_HW_wrapper.xsa
TRACE::2026-09-10.23:43:08::SCWPlatform::DSA directory C:/repo/SOC/SoC_301/2_GROUND_WORK/3_EMBEDDED_C_BASIC/1_DATA_TYPE/USART_HW_wrapper/hw
TRACE::2026-09-10.23:43:08::SCWPlatform:: Platform Path C:/repo/SOC/SoC_301/2_GROUND_WORK/3_EMBEDDED_C_BASIC/1_DATA_TYPE/USART_HW_wrapper/hw/USART_HW_wrapper.xsa
TRACE::2026-09-10.23:43:08::SCWPlatform:: Unique name xilinx:zybo-z7-20::0.0
TRACE::2026-09-10.23:43:08::SCWPlatform::Trying to set the existing hwdb with name USART_HW_wrapper_0
TRACE::2026-09-10.23:43:08::SCWPlatform::Opened existing hwdb USART_HW_wrapper_0
TRACE::2026-09-10.23:43:08::SCWPlatform::Found the Hw Db part of the input DSA
TRACE::2026-09-10.23:43:08::SCWMssOS::Checking the sw design at  C:/repo/SOC/SoC_301/2_GROUND_WORK/3_EMBEDDED_C_BASIC/1_DATA_TYPE/USART_HW_wrapper/ps7_cortexa9_0/standalone_ps7_cortexa9_0/bsp/system.mss
TRACE::2026-09-10.23:43:08::SCWMssOS::DEBUG:  swdes dump  C:/repo/SOC/SoC_301/2_GROUND_WORK/3_EMBEDDED_C_BASIC/1_DATA_TYPE/USART_HW_wrapper/ps7_cortexa9_0/standalone_ps7_cortexa9_0/bsp/system.mss|system_0||
C:/repo/SOC/SoC_301/2_GROUND_WORK/3_EMBEDDED_C_BASIC/1_DATA_TYPE/USART_HW_wrapper/zynq_fsbl/zynq_fsbl_bsp/system.mss|system||

TRACE::2026-09-10.23:43:08::SCWMssOS::Sw design exists and opened at  C:/repo/SOC/SoC_301/2_GROUND_WORK/3_EMBEDDED_C_BASIC/1_DATA_TYPE/USART_HW_wrapper/ps7_cortexa9_0/standalone_ps7_cortexa9_0/bsp/system.mss
TRACE::2026-09-10.23:43:08::SCWWriter::formatted JSON is {
	"platformName":	"USART_HW_wrapper",
	"sprVersion":	"2.0",
	"mode":	"gui",
	"dsaType":	"Fixed",
	"platformDesc":	"USART_HW_wrapper",
	"platHandOff":	"C:/repo/SOC/SoC_301/2_GROUND_WORK/2_PS_BASIC/1_USART_CONNECTION_HW/USART_HW_wrapper.xsa",
	"platIntHandOff":	"<platformDir>/hw/USART_HW_wrapper.xsa",
	"deviceType":	"zynq",
	"platIsPrebuiltAutogen":	"false",
	"platIsNoBootBsp":	"false",
	"platFsblTarget":	"ps7_cortexa9_0",
	"hasFsblMakeHasChanges":	"false",
	"hasPmufwMakeHasChanges":	"false",
	"fsblExtraCompilerFlags":	"-MMD -MP       -mcpu=cortex-a9 -mfpu=vfpv3 -mfloat-abi=hard ",
	"platPreBuiltFlag":	false,
	"platformSamplesDir":	"",
	"platActiveSys":	"USART_HW_wrapper",
	"systems":	[{
			"systemName":	"USART_HW_wrapper",
			"systemDesc":	"USART_HW_wrapper",
			"sysIsBootAutoGen":	"true",
			"systemDispName":	"USART_HW_wrapper",
			"sysActiveDom":	"standalone_ps7_cortexa9_0",
			"sysDefaultDom":	"standalone_ps7_cortexa9_0",
			"domains":	[{
					"domainName":	"zynq_fsbl",
					"domainDispName":	"zynq_fsbl",
					"domainDesc":	"FSBL Application BSP - Auto Generated.",
					"processors":	"ps7_cortexa9_0",
					"os":	"standalone",
					"sdxOs":	"standalone",
					"debugEnable":	"",
					"domRuntimes":	["cpp"],
					"swRepo":	"",
					"mssOsVer":	"9.2",
					"mssFile":	"",
					"md5Digest":	"0d85eb7594d9e7e2c8af45a785783646",
					"compatibleApp":	"zynq_fsbl",
					"domType":	"bootDomain",
					"arch":	"32-bit",
					"appSettings":	{
						"appCompilerFlags":	"",
						"appLinkerFlags":	""
					},
					"addedLibs":	["xilffs:5.3", "xilrsa:1.8"],
					"libOptions":	{
						"libsContainingOptions":	[]
					},
					"prebuiltLibs":	{
						"prebuiltIncPath":	[],
						"prebuiltLibPath":	[]
					},
					"isolation":	{
					}
				}, {
					"domainName":	"standalone_ps7_cortexa9_0",
					"domainDispName":	"standalone_ps7_cortexa9_0",
					"domainDesc":	"standalone_ps7_cortexa9_0",
					"processors":	"ps7_cortexa9_0",
					"os":	"standalone",
					"sdxOs":	"standalone",
					"qemuArgs":	"<platformDir>/resources/USART_HW_wrapper/standalone_ps7_cortexa9_0/qemu_args.txt",
					"qemuData":	"<platformDir>/resources/USART_HW_wrapper/standalone_ps7_cortexa9_0/qemu",
					"debugEnable":	"False",
					"domRuntimes":	["cpp"],
					"swRepo":	"",
					"mssOsVer":	"9.2",
					"mssFile":	"",
					"md5Digest":	"6c4fd263b60a06a02b9d485d16afff8a",
					"compatibleApp":	"hello_world",
					"domType":	"mssDomain",
					"arch":	"32-bit",
					"appSettings":	{
						"appCompilerFlags":	"",
						"appLinkerFlags":	""
					},
					"addedLibs":	[],
					"libOptions":	{
						"libsContainingOptions":	[]
					},
					"prebuiltLibs":	{
						"prebuiltIncPath":	[],
						"prebuiltLibPath":	[]
					},
					"isolation":	{
					}
				}]
		}]
}
KEYINFO::2026-09-10.23:43:08::SCWPlatform::updated the xpfm file.
LOG::2026-09-10.23:46:50::SCWPlatform::Started generating the artifacts platform USART_HW_wrapper
TRACE::2026-09-10.23:46:50::SCWPlatform::Sanity checking of platform is completed
LOG::2026-09-10.23:46:50::SCWPlatform::Started generating the artifacts for system configuration USART_HW_wrapper
LOG::2026-09-10.23:46:50::SCWSystem::Checking the domain zynq_fsbl
LOG::2026-09-10.23:46:50::SCWSystem::Doing application build for :  zynq_fsbl
TRACE::2026-09-10.23:46:50::SCWBDomain::Not a forced makefile updation, No changes are present. 
TRACE::2026-09-10.23:46:50::SCWDomain::Building the domain as part of full build :  zynq_fsbl
TRACE::2026-09-10.23:46:51::SCWPlatform::Trying to open the hw design at C:/repo/SOC/SoC_301/2_GROUND_WORK/3_EMBEDDED_C_BASIC/1_DATA_TYPE/USART_HW_wrapper/hw/USART_HW_wrapper.xsa
TRACE::2026-09-10.23:46:51::SCWPlatform::DSA given C:/repo/SOC/SoC_301/2_GROUND_WORK/3_EMBEDDED_C_BASIC/1_DATA_TYPE/USART_HW_wrapper/hw/USART_HW_wrapper.xsa
TRACE::2026-09-10.23:46:51::SCWPlatform::DSA absoulate path C:/repo/SOC/SoC_301/2_GROUND_WORK/3_EMBEDDED_C_BASIC/1_DATA_TYPE/USART_HW_wrapper/hw/USART_HW_wrapper.xsa
TRACE::2026-09-10.23:46:51::SCWPlatform::DSA directory C:/repo/SOC/SoC_301/2_GROUND_WORK/3_EMBEDDED_C_BASIC/1_DATA_TYPE/USART_HW_wrapper/hw
TRACE::2026-09-10.23:46:51::SCWPlatform:: Platform Path C:/repo/SOC/SoC_301/2_GROUND_WORK/3_EMBEDDED_C_BASIC/1_DATA_TYPE/USART_HW_wrapper/hw/USART_HW_wrapper.xsa
TRACE::2026-09-10.23:46:51::SCWPlatform:: Unique name xilinx:zybo-z7-20::0.0
TRACE::2026-09-10.23:46:51::SCWPlatform::Trying to set the existing hwdb with name USART_HW_wrapper_0
TRACE::2026-09-10.23:46:51::SCWPlatform::Opened existing hwdb USART_HW_wrapper_0
TRACE::2026-09-10.23:46:51::SCWPlatform::Found the Hw Db part of the input DSA
TRACE::2026-09-10.23:46:51::SCWMssOS::Checking the sw design at  C:/repo/SOC/SoC_301/2_GROUND_WORK/3_EMBEDDED_C_BASIC/1_DATA_TYPE/USART_HW_wrapper/zynq_fsbl/zynq_fsbl_bsp/system.mss
TRACE::2026-09-10.23:46:51::SCWMssOS::DEBUG:  swdes dump  C:/repo/SOC/SoC_301/2_GROUND_WORK/3_EMBEDDED_C_BASIC/1_DATA_TYPE/USART_HW_wrapper/ps7_cortexa9_0/standalone_ps7_cortexa9_0/bsp/system.mss|system_0||
C:/repo/SOC/SoC_301/2_GROUND_WORK/3_EMBEDDED_C_BASIC/1_DATA_TYPE/USART_HW_wrapper/zynq_fsbl/zynq_fsbl_bsp/system.mss|system||

TRACE::2026-09-10.23:46:51::SCWMssOS::Sw design exists and opened at  C:/repo/SOC/SoC_301/2_GROUND_WORK/3_EMBEDDED_C_BASIC/1_DATA_TYPE/USART_HW_wrapper/zynq_fsbl/zynq_fsbl_bsp/system.mss
TRACE::2026-09-10.23:46:51::SCWBDomain::Completed writing the mss file at C:/repo/SOC/SoC_301/2_GROUND_WORK/3_EMBEDDED_C_BASIC/1_DATA_TYPE/USART_HW_wrapper/zynq_fsbl/zynq_fsbl_bsp
TRACE::2026-09-10.23:46:51::SCWBDomain::bsp generated is upto date with the mss file. Skipping bsp generation.
TRACE::2026-09-10.23:46:51::SCWBDomain::Not a forced makefile updation, No changes are present. 
TRACE::2026-09-10.23:46:51::SCWBDomain::System Command Ran  C:&  cd  C:/repo/SOC/SoC_301/2_GROUND_WORK/3_EMBEDDED_C_BASIC/1_DATA_TYPE/USART_HW_wrapper/zynq_fsbl& make -C  zynq_fsbl_bsp & make 
TRACE::2026-09-10.23:46:51::SCWBDomain::make: Entering directory 'C:/repo/SOC/SoC_301/2_GROUND_WORK/3_EMBEDDED_C_BASIC/1_DATA_TYPE/USART_HW_wrapper/zynq_fsbl/zynq_fsbl
TRACE::2026-09-10.23:46:51::SCWBDomain::_bsp'

TRACE::2026-09-10.23:46:51::SCWBDomain::make --no-print-directory seq_libs

TRACE::2026-09-10.23:46:51::SCWBDomain::"Running Make include in ps7_cortexa9_0/libsrc/coresightps_dcc_v1_11/src"

TRACE::2026-09-10.23:46:51::SCWBDomain::make -C ps7_cortexa9_0/libsrc/coresightps_dcc_v1_11/src -s include  "SHELL=CMD" "COMPILER=arm-none-eabi-gcc" "ASSEMBLER=arm-non
TRACE::2026-09-10.23:46:51::SCWBDomain::e-eabi-as" "ARCHIVER=arm-none-eabi-ar" "COMPILER_FLAGS=  -O2 -c" "EXTRA_COMPILER_FLAGS=-mcpu=cortex-a9 -mfpu=vfpv3 -mfloat-abi=
TRACE::2026-09-10.23:46:51::SCWBDomain::hard -nostartfiles -g -Wall -Wextra -fno-tree-loop-distribute-patterns"

TRACE::2026-09-10.23:46:51::SCWBDomain::"Running Make include in ps7_cortexa9_0/libsrc/cpu_cortexa9_v2_12/src"

TRACE::2026-09-10.23:46:51::SCWBDomain::make -C ps7_cortexa9_0/libsrc/cpu_cortexa9_v2_12/src -s include  "SHELL=CMD" "COMPILER=arm-none-eabi-gcc" "ASSEMBLER=arm-none-e
TRACE::2026-09-10.23:46:51::SCWBDomain::abi-as" "ARCHIVER=arm-none-eabi-ar" "COMPILER_FLAGS=  -O2 -c" "EXTRA_COMPILER_FLAGS=-mcpu=cortex-a9 -mfpu=vfpv3 -mfloat-abi=har
TRACE::2026-09-10.23:46:51::SCWBDomain::d -nostartfiles -g -Wall -Wextra -fno-tree-loop-distribute-patterns"

TRACE::2026-09-10.23:46:51::SCWBDomain::"Running Make include in ps7_cortexa9_0/libsrc/ddrps_v1_2/src"

TRACE::2026-09-10.23:46:51::SCWBDomain::make -C ps7_cortexa9_0/libsrc/ddrps_v1_2/src -s include  "SHELL=CMD" "COMPILER=arm-none-eabi-gcc" "ASSEMBLER=arm-none-eabi-as" 
TRACE::2026-09-10.23:46:51::SCWBDomain::"ARCHIVER=arm-none-eabi-ar" "COMPILER_FLAGS=  -O2 -c" "EXTRA_COMPILER_FLAGS=-mcpu=cortex-a9 -mfpu=vfpv3 -mfloat-abi=hard -nosta
TRACE::2026-09-10.23:46:51::SCWBDomain::rtfiles -g -Wall -Wextra -fno-tree-loop-distribute-patterns"

TRACE::2026-09-10.23:46:51::SCWBDomain::"Running Make include in ps7_cortexa9_0/libsrc/devcfg_v3_8/src"

TRACE::2026-09-10.23:46:51::SCWBDomain::make -C ps7_cortexa9_0/libsrc/devcfg_v3_8/src -s include  "SHELL=CMD" "COMPILER=arm-none-eabi-gcc" "ASSEMBLER=arm-none-eabi-as"
TRACE::2026-09-10.23:46:51::SCWBDomain:: "ARCHIVER=arm-none-eabi-ar" "COMPILER_FLAGS=  -O2 -c" "EXTRA_COMPILER_FLAGS=-mcpu=cortex-a9 -mfpu=vfpv3 -mfloat-abi=hard -nost
TRACE::2026-09-10.23:46:51::SCWBDomain::artfiles -g -Wall -Wextra -fno-tree-loop-distribute-patterns"

TRACE::2026-09-10.23:46:51::SCWBDomain::"Running Make include in ps7_cortexa9_0/libsrc/dmaps_v2_11/src"

TRACE::2026-09-10.23:46:51::SCWBDomain::make -C ps7_cortexa9_0/libsrc/dmaps_v2_11/src -s include  "SHELL=CMD" "COMPILER=arm-none-eabi-gcc" "ASSEMBLER=arm-none-eabi-as"
TRACE::2026-09-10.23:46:51::SCWBDomain:: "ARCHIVER=arm-none-eabi-ar" "COMPILER_FLAGS=  -O2 -c" "EXTRA_COMPILER_FLAGS=-mcpu=cortex-a9 -mfpu=vfpv3 -mfloat-abi=hard -nost
TRACE::2026-09-10.23:46:51::SCWBDomain::artfiles -g -Wall -Wextra -fno-tree-loop-distribute-patterns"

TRACE::2026-09-10.23:46:51::SCWBDomain::"Running Make include in ps7_cortexa9_0/libsrc/qspips_v3_13/src"

TRACE::2026-09-10.23:46:51::SCWBDomain::make -C ps7_cortexa9_0/libsrc/qspips_v3_13/src -s include  "SHELL=CMD" "COMPILER=arm-none-eabi-gcc" "ASSEMBLER=arm-none-eabi-as
TRACE::2026-09-10.23:46:51::SCWBDomain::" "ARCHIVER=arm-none-eabi-ar" "COMPILER_FLAGS=  -O2 -c" "EXTRA_COMPILER_FLAGS=-mcpu=cortex-a9 -mfpu=vfpv3 -mfloat-abi=hard -nos
TRACE::2026-09-10.23:46:51::SCWBDomain::tartfiles -g -Wall -Wextra -fno-tree-loop-distribute-patterns"

TRACE::2026-09-10.23:46:51::SCWBDomain::"Running Make include in ps7_cortexa9_0/libsrc/scugic_v5_4/src"

TRACE::2026-09-10.23:46:51::SCWBDomain::make -C ps7_cortexa9_0/libsrc/scugic_v5_4/src -s include  "SHELL=CMD" "COMPILER=arm-none-eabi-gcc" "ASSEMBLER=arm-none-eabi-as"
TRACE::2026-09-10.23:46:51::SCWBDomain:: "ARCHIVER=arm-none-eabi-ar" "COMPILER_FLAGS=  -O2 -c" "EXTRA_COMPILER_FLAGS=-mcpu=cortex-a9 -mfpu=vfpv3 -mfloat-abi=hard -nost
TRACE::2026-09-10.23:46:51::SCWBDomain::artfiles -g -Wall -Wextra -fno-tree-loop-distribute-patterns"

TRACE::2026-09-10.23:46:51::SCWBDomain::"Running Make include in ps7_cortexa9_0/libsrc/scutimer_v2_6/src"

TRACE::2026-09-10.23:46:51::SCWBDomain::make -C ps7_cortexa9_0/libsrc/scutimer_v2_6/src -s include  "SHELL=CMD" "COMPILER=arm-none-eabi-gcc" "ASSEMBLER=arm-none-eabi-a
TRACE::2026-09-10.23:46:51::SCWBDomain::s" "ARCHIVER=arm-none-eabi-ar" "COMPILER_FLAGS=  -O2 -c" "EXTRA_COMPILER_FLAGS=-mcpu=cortex-a9 -mfpu=vfpv3 -mfloat-abi=hard -no
TRACE::2026-09-10.23:46:51::SCWBDomain::startfiles -g -Wall -Wextra -fno-tree-loop-distribute-patterns"

TRACE::2026-09-10.23:46:51::SCWBDomain::"Running Make include in ps7_cortexa9_0/libsrc/scuwdt_v2_6/src"

TRACE::2026-09-10.23:46:51::SCWBDomain::make -C ps7_cortexa9_0/libsrc/scuwdt_v2_6/src -s include  "SHELL=CMD" "COMPILER=arm-none-eabi-gcc" "ASSEMBLER=arm-none-eabi-as"
TRACE::2026-09-10.23:46:51::SCWBDomain:: "ARCHIVER=arm-none-eabi-ar" "COMPILER_FLAGS=  -O2 -c" "EXTRA_COMPILER_FLAGS=-mcpu=cortex-a9 -mfpu=vfpv3 -mfloat-abi=hard -nost
TRACE::2026-09-10.23:46:51::SCWBDomain::artfiles -g -Wall -Wextra -fno-tree-loop-distribute-patterns"

TRACE::2026-09-10.23:46:51::SCWBDomain::"Running Make include in ps7_cortexa9_0/libsrc/standalone_v9_2/src"

TRACE::2026-09-10.23:46:51::SCWBDomain::make -C ps7_cortexa9_0/libsrc/standalone_v9_2/src -s include  "SHELL=CMD" "COMPILER=arm-none-eabi-gcc" "ASSEMBLER=arm-none-eabi
TRACE::2026-09-10.23:46:51::SCWBDomain::-as" "ARCHIVER=arm-none-eabi-ar" "COMPILER_FLAGS=  -O2 -c" "EXTRA_COMPILER_FLAGS=-mcpu=cortex-a9 -mfpu=vfpv3 -mfloat-abi=hard -
TRACE::2026-09-10.23:46:51::SCWBDomain::nostartfiles -g -Wall -Wextra -fno-tree-loop-distribute-patterns"

TRACE::2026-09-10.23:46:52::SCWBDomain::"Running Make include in ps7_cortexa9_0/libsrc/uartps_v3_15/src"

TRACE::2026-09-10.23:46:52::SCWBDomain::make -C ps7_cortexa9_0/libsrc/uartps_v3_15/src -s include  "SHELL=CMD" "COMPILER=arm-none-eabi-gcc" "ASSEMBLER=arm-none-eabi-as
TRACE::2026-09-10.23:46:52::SCWBDomain::" "ARCHIVER=arm-none-eabi-ar" "COMPILER_FLAGS=  -O2 -c" "EXTRA_COMPILER_FLAGS=-mcpu=cortex-a9 -mfpu=vfpv3 -mfloat-abi=hard -nos
TRACE::2026-09-10.23:46:52::SCWBDomain::tartfiles -g -Wall -Wextra -fno-tree-loop-distribute-patterns"

TRACE::2026-09-10.23:46:53::SCWBDomain::"Running Make include in ps7_cortexa9_0/libsrc/xadcps_v2_7/src"

TRACE::2026-09-10.23:46:53::SCWBDomain::make -C ps7_cortexa9_0/libsrc/xadcps_v2_7/src -s include  "SHELL=CMD" "COMPILER=arm-none-eabi-gcc" "ASSEMBLER=arm-none-eabi-as"
TRACE::2026-09-10.23:46:53::SCWBDomain:: "ARCHIVER=arm-none-eabi-ar" "COMPILER_FLAGS=  -O2 -c" "EXTRA_COMPILER_FLAGS=-mcpu=cortex-a9 -mfpu=vfpv3 -mfloat-abi=hard -nost
TRACE::2026-09-10.23:46:53::SCWBDomain::artfiles -g -Wall -Wextra -fno-tree-loop-distribute-patterns"

TRACE::2026-09-10.23:46:53::SCWBDomain::"Running Make include in ps7_cortexa9_0/libsrc/xilffs_v5_3/src"

TRACE::2026-09-10.23:46:53::SCWBDomain::make -C ps7_cortexa9_0/libsrc/xilffs_v5_3/src -s include  "SHELL=CMD" "COMPILER=arm-none-eabi-gcc" "ASSEMBLER=arm-none-eabi-as"
TRACE::2026-09-10.23:46:53::SCWBDomain:: "ARCHIVER=arm-none-eabi-ar" "COMPILER_FLAGS=  -O2 -c" "EXTRA_COMPILER_FLAGS=-mcpu=cortex-a9 -mfpu=vfpv3 -mfloat-abi=hard -nost
TRACE::2026-09-10.23:46:53::SCWBDomain::artfiles -g -Wall -Wextra -fno-tree-loop-distribute-patterns"

TRACE::2026-09-10.23:46:53::SCWBDomain::"Running Make include in ps7_cortexa9_0/libsrc/xilrsa_v1_8/src"

TRACE::2026-09-10.23:46:53::SCWBDomain::make -C ps7_cortexa9_0/libsrc/xilrsa_v1_8/src -s include  "SHELL=CMD" "COMPILER=arm-none-eabi-gcc" "ASSEMBLER=arm-none-eabi-as"
TRACE::2026-09-10.23:46:53::SCWBDomain:: "ARCHIVER=arm-none-eabi-ar" "COMPILER_FLAGS=  -O2 -c" "EXTRA_COMPILER_FLAGS=-mcpu=cortex-a9 -mfpu=vfpv3 -mfloat-abi=hard -nost
TRACE::2026-09-10.23:46:53::SCWBDomain::artfiles -g -Wall -Wextra -fno-tree-loop-distribute-patterns"

TRACE::2026-09-10.23:46:53::SCWBDomain::"Running Make libs in ps7_cortexa9_0/libsrc/xilrsa_v1_8/src"

TRACE::2026-09-10.23:46:53::SCWBDomain::make -C ps7_cortexa9_0/libsrc/xilrsa_v1_8/src -s libs  "SHELL=CMD" "COMPILER=arm-none-eabi-gcc" "ASSEMBLER=arm-none-eabi-as" "A
TRACE::2026-09-10.23:46:53::SCWBDomain::RCHIVER=arm-none-eabi-ar" "COMPILER_FLAGS=  -O2 -c" "EXTRA_COMPILER_FLAGS=-mcpu=cortex-a9 -mfpu=vfpv3 -mfloat-abi=hard -nostart
TRACE::2026-09-10.23:46:53::SCWBDomain::files -g -Wall -Wextra -fno-tree-loop-distribute-patterns"

TRACE::2026-09-10.23:46:53::SCWBDomain::'Finished building libraries sequentially.'

TRACE::2026-09-10.23:46:53::SCWBDomain::make -j 14 --no-print-directory par_libs

TRACE::2026-09-10.23:46:53::SCWBDomain::"Running Make include in ps7_cortexa9_0/libsrc/coresightps_dcc_v1_11/src"

TRACE::2026-09-10.23:46:53::SCWBDomain::make -C ps7_cortexa9_0/libsrc/coresightps_dcc_v1_11/src -s include  "SHELL=CMD" "COMPILER=arm-none-eabi-gcc" "ASSEMBLER=arm-non
TRACE::2026-09-10.23:46:53::SCWBDomain::e-eabi-as" "ARCHIVER=arm-none-eabi-ar" "COMPILER_FLAGS=  -O2 -c" "EXTRA_COMPILER_FLAGS=-mcpu=cortex-a9 -mfpu=vfpv3 -mfloat-abi=
TRACE::2026-09-10.23:46:53::SCWBDomain::hard -nostartfiles -g -Wall -Wextra -fno-tree-loop-distribute-patterns"

TRACE::2026-09-10.23:46:53::SCWBDomain::"Running Make include in ps7_cortexa9_0/libsrc/cpu_cortexa9_v2_12/src"

TRACE::2026-09-10.23:46:53::SCWBDomain::make -C ps7_cortexa9_0/libsrc/cpu_cortexa9_v2_12/src -s include  "SHELL=CMD" "COMPILER=arm-none-eabi-gcc" "ASSEMBLER=arm-none-e
TRACE::2026-09-10.23:46:53::SCWBDomain::abi-as" "ARCHIVER=arm-none-eabi-ar" "COMPILER_FLAGS=  -O2 -c" "EXTRA_COMPILER_FLAGS=-mcpu=cortex-a9 -mfpu=vfpv3 -mfloat-abi=har
TRACE::2026-09-10.23:46:53::SCWBDomain::d -nostartfiles -g -Wall -Wextra -fno-tree-loop-distribute-patterns"

TRACE::2026-09-10.23:46:53::SCWBDomain::"Running Make include in ps7_cortexa9_0/libsrc/ddrps_v1_2/src"

TRACE::2026-09-10.23:46:53::SCWBDomain::make -C ps7_cortexa9_0/libsrc/ddrps_v1_2/src -s include  "SHELL=CMD" "COMPILER=arm-none-eabi-gcc" "ASSEMBLER=arm-none-eabi-as" 
TRACE::2026-09-10.23:46:53::SCWBDomain::"ARCHIVER=arm-none-eabi-ar" "COMPILER_FLAGS=  -O2 -c" "EXTRA_COMPILER_FLAGS=-mcpu=cortex-a9 -mfpu=vfpv3 -mfloat-abi=hard -nosta
TRACE::2026-09-10.23:46:53::SCWBDomain::rtfiles -g -Wall -Wextra -fno-tree-loop-distribute-patterns"

TRACE::2026-09-10.23:46:53::SCWBDomain::"Running Make include in ps7_cortexa9_0/libsrc/devcfg_v3_8/src"

TRACE::2026-09-10.23:46:53::SCWBDomain::make -C ps7_cortexa9_0/libsrc/devcfg_v3_8/src -s include  "SHELL=CMD" "COMPILER=arm-none-eabi-gcc" "ASSEMBLER=arm-none-eabi-as"
TRACE::2026-09-10.23:46:53::SCWBDomain:: "ARCHIVER=arm-none-eabi-ar" "COMPILER_FLAGS=  -O2 -c" "EXTRA_COMPILER_FLAGS=-mcpu=cortex-a9 -mfpu=vfpv3 -mfloat-abi=hard -nost
TRACE::2026-09-10.23:46:53::SCWBDomain::artfiles -g -Wall -Wextra -fno-tree-loop-distribute-patterns"

TRACE::2026-09-10.23:46:53::SCWBDomain::"Running Make include in ps7_cortexa9_0/libsrc/dmaps_v2_11/src"

TRACE::2026-09-10.23:46:53::SCWBDomain::make -C ps7_cortexa9_0/libsrc/dmaps_v2_11/src -s include  "SHELL=CMD" "COMPILER=arm-none-eabi-gcc" "ASSEMBLER=arm-none-eabi-as"
TRACE::2026-09-10.23:46:53::SCWBDomain:: "ARCHIVER=arm-none-eabi-ar" "COMPILER_FLAGS=  -O2 -c" "EXTRA_COMPILER_FLAGS=-mcpu=cortex-a9 -mfpu=vfpv3 -mfloat-abi=hard -nost
TRACE::2026-09-10.23:46:53::SCWBDomain::artfiles -g -Wall -Wextra -fno-tree-loop-distribute-patterns"

TRACE::2026-09-10.23:46:53::SCWBDomain::"Running Make include in ps7_cortexa9_0/libsrc/qspips_v3_13/src"

TRACE::2026-09-10.23:46:53::SCWBDomain::make -C ps7_cortexa9_0/libsrc/qspips_v3_13/src -s include  "SHELL=CMD" "COMPILER=arm-none-eabi-gcc" "ASSEMBLER=arm-none-eabi-as
TRACE::2026-09-10.23:46:53::SCWBDomain::" "ARCHIVER=arm-none-eabi-ar" "COMPILER_FLAGS=  -O2 -c" "EXTRA_COMPILER_FLAGS=-mcpu=cortex-a9 -mfpu=vfpv3 -mfloat-abi=hard -nos
TRACE::2026-09-10.23:46:53::SCWBDomain::tartfiles -g -Wall -Wextra -fno-tree-loop-distribute-patterns"

TRACE::2026-09-10.23:46:53::SCWBDomain::"Running Make include in ps7_cortexa9_0/libsrc/scugic_v5_4/src"

TRACE::2026-09-10.23:46:53::SCWBDomain::make -C ps7_cortexa9_0/libsrc/scugic_v5_4/src -s include  "SHELL=CMD" "COMPILER=arm-none-eabi-gcc" "ASSEMBLER=arm-none-eabi-as"
TRACE::2026-09-10.23:46:53::SCWBDomain:: "ARCHIVER=arm-none-eabi-ar" "COMPILER_FLAGS=  -O2 -c" "EXTRA_COMPILER_FLAGS=-mcpu=cortex-a9 -mfpu=vfpv3 -mfloat-abi=hard -nost
TRACE::2026-09-10.23:46:53::SCWBDomain::artfiles -g -Wall -Wextra -fno-tree-loop-distribute-patterns"

TRACE::2026-09-10.23:46:53::SCWBDomain::"Running Make include in ps7_cortexa9_0/libsrc/scutimer_v2_6/src"

TRACE::2026-09-10.23:46:53::SCWBDomain::make -C ps7_cortexa9_0/libsrc/scutimer_v2_6/src -s include  "SHELL=CMD" "COMPILER=arm-none-eabi-gcc" "ASSEMBLER=arm-none-eabi-a
TRACE::2026-09-10.23:46:53::SCWBDomain::s" "ARCHIVER=arm-none-eabi-ar" "COMPILER_FLAGS=  -O2 -c" "EXTRA_COMPILER_FLAGS=-mcpu=cortex-a9 -mfpu=vfpv3 -mfloat-abi=hard -no
TRACE::2026-09-10.23:46:53::SCWBDomain::startfiles -g -Wall -Wextra -fno-tree-loop-distribute-patterns"

TRACE::2026-09-10.23:46:53::SCWBDomain::"Running Make include in ps7_cortexa9_0/libsrc/scuwdt_v2_6/src"

TRACE::2026-09-10.23:46:53::SCWBDomain::make -C ps7_cortexa9_0/libsrc/scuwdt_v2_6/src -s include  "SHELL=CMD" "COMPILER=arm-none-eabi-gcc" "ASSEMBLER=arm-none-eabi-as"
TRACE::2026-09-10.23:46:53::SCWBDomain:: "ARCHIVER=arm-none-eabi-ar" "COMPILER_FLAGS=  -O2 -c" "EXTRA_COMPILER_FLAGS=-mcpu=cortex-a9 -mfpu=vfpv3 -mfloat-abi=hard -nost
TRACE::2026-09-10.23:46:53::SCWBDomain::artfiles -g -Wall -Wextra -fno-tree-loop-distribute-patterns"

TRACE::2026-09-10.23:46:53::SCWBDomain::"Running Make include in ps7_cortexa9_0/libsrc/standalone_v9_2/src"

TRACE::2026-09-10.23:46:53::SCWBDomain::make -C ps7_cortexa9_0/libsrc/standalone_v9_2/src -s include  "SHELL=CMD" "COMPILER=arm-none-eabi-gcc" "ASSEMBLER=arm-none-eabi
TRACE::2026-09-10.23:46:53::SCWBDomain::-as" "ARCHIVER=arm-none-eabi-ar" "COMPILER_FLAGS=  -O2 -c" "EXTRA_COMPILER_FLAGS=-mcpu=cortex-a9 -mfpu=vfpv3 -mfloat-abi=hard -
TRACE::2026-09-10.23:46:53::SCWBDomain::nostartfiles -g -Wall -Wextra -fno-tree-loop-distribute-patterns"

TRACE::2026-09-10.23:46:53::SCWBDomain::"Running Make include in ps7_cortexa9_0/libsrc/uartps_v3_15/src"

TRACE::2026-09-10.23:46:53::SCWBDomain::make -C ps7_cortexa9_0/libsrc/uartps_v3_15/src -s include  "SHELL=CMD" "COMPILER=arm-none-eabi-gcc" "ASSEMBLER=arm-none-eabi-as
TRACE::2026-09-10.23:46:53::SCWBDomain::" "ARCHIVER=arm-none-eabi-ar" "COMPILER_FLAGS=  -O2 -c" "EXTRA_COMPILER_FLAGS=-mcpu=cortex-a9 -mfpu=vfpv3 -mfloat-abi=hard -nos
TRACE::2026-09-10.23:46:53::SCWBDomain::tartfiles -g -Wall -Wextra -fno-tree-loop-distribute-patterns"

TRACE::2026-09-10.23:46:53::SCWBDomain::"Running Make include in ps7_cortexa9_0/libsrc/xadcps_v2_7/src"

TRACE::2026-09-10.23:46:53::SCWBDomain::make -C ps7_cortexa9_0/libsrc/xadcps_v2_7/src -s include  "SHELL=CMD" "COMPILER=arm-none-eabi-gcc" "ASSEMBLER=arm-none-eabi-as"
TRACE::2026-09-10.23:46:53::SCWBDomain:: "ARCHIVER=arm-none-eabi-ar" "COMPILER_FLAGS=  -O2 -c" "EXTRA_COMPILER_FLAGS=-mcpu=cortex-a9 -mfpu=vfpv3 -mfloat-abi=hard -nost
TRACE::2026-09-10.23:46:53::SCWBDomain::artfiles -g -Wall -Wextra -fno-tree-loop-distribute-patterns"

TRACE::2026-09-10.23:46:53::SCWBDomain::"Running Make include in ps7_cortexa9_0/libsrc/xilffs_v5_3/src"

TRACE::2026-09-10.23:46:53::SCWBDomain::make -C ps7_cortexa9_0/libsrc/xilffs_v5_3/src -s include  "SHELL=CMD" "COMPILER=arm-none-eabi-gcc" "ASSEMBLER=arm-none-eabi-as"
TRACE::2026-09-10.23:46:53::SCWBDomain:: "ARCHIVER=arm-none-eabi-ar" "COMPILER_FLAGS=  -O2 -c" "EXTRA_COMPILER_FLAGS=-mcpu=cortex-a9 -mfpu=vfpv3 -mfloat-abi=hard -nost
TRACE::2026-09-10.23:46:53::SCWBDomain::artfiles -g -Wall -Wextra -fno-tree-loop-distribute-patterns"

TRACE::2026-09-10.23:46:53::SCWBDomain::"Running Make include in ps7_cortexa9_0/libsrc/xilrsa_v1_8/src"

TRACE::2026-09-10.23:46:53::SCWBDomain::make -C ps7_cortexa9_0/libsrc/xilrsa_v1_8/src -s include  "SHELL=CMD" "COMPILER=arm-none-eabi-gcc" "ASSEMBLER=arm-none-eabi-as"
TRACE::2026-09-10.23:46:53::SCWBDomain:: "ARCHIVER=arm-none-eabi-ar" "COMPILER_FLAGS=  -O2 -c" "EXTRA_COMPILER_FLAGS=-mcpu=cortex-a9 -mfpu=vfpv3 -mfloat-abi=hard -nost
TRACE::2026-09-10.23:46:53::SCWBDomain::artfiles -g -Wall -Wextra -fno-tree-loop-distribute-patterns"

TRACE::2026-09-10.23:46:53::SCWBDomain::"Running Make libs in ps7_cortexa9_0/libsrc/coresightps_dcc_v1_11/src"

TRACE::2026-09-10.23:46:53::SCWBDomain::make -C ps7_cortexa9_0/libsrc/coresightps_dcc_v1_11/src -s libs  "SHELL=CMD" "COMPILER=arm-none-eabi-gcc" "ASSEMBLER=arm-none-e
TRACE::2026-09-10.23:46:53::SCWBDomain::abi-as" "ARCHIVER=arm-none-eabi-ar" "COMPILER_FLAGS=  -O2 -c" "EXTRA_COMPILER_FLAGS=-mcpu=cortex-a9 -mfpu=vfpv3 -mfloat-abi=har
TRACE::2026-09-10.23:46:53::SCWBDomain::d -nostartfiles -g -Wall -Wextra -fno-tree-loop-distribute-patterns"

TRACE::2026-09-10.23:46:53::SCWBDomain::"Running Make libs in ps7_cortexa9_0/libsrc/cpu_cortexa9_v2_12/src"

TRACE::2026-09-10.23:46:53::SCWBDomain::make -C ps7_cortexa9_0/libsrc/cpu_cortexa9_v2_12/src -s libs  "SHELL=CMD" "COMPILER=arm-none-eabi-gcc" "ASSEMBLER=arm-none-eabi
TRACE::2026-09-10.23:46:53::SCWBDomain::-as" "ARCHIVER=arm-none-eabi-ar" "COMPILER_FLAGS=  -O2 -c" "EXTRA_COMPILER_FLAGS=-mcpu=cortex-a9 -mfpu=vfpv3 -mfloat-abi=hard -
TRACE::2026-09-10.23:46:53::SCWBDomain::nostartfiles -g -Wall -Wextra -fno-tree-loop-distribute-patterns"

TRACE::2026-09-10.23:46:53::SCWBDomain::"Running Make libs in ps7_cortexa9_0/libsrc/ddrps_v1_2/src"

TRACE::2026-09-10.23:46:53::SCWBDomain::make -C ps7_cortexa9_0/libsrc/ddrps_v1_2/src -s libs  "SHELL=CMD" "COMPILER=arm-none-eabi-gcc" "ASSEMBLER=arm-none-eabi-as" "AR
TRACE::2026-09-10.23:46:53::SCWBDomain::CHIVER=arm-none-eabi-ar" "COMPILER_FLAGS=  -O2 -c" "EXTRA_COMPILER_FLAGS=-mcpu=cortex-a9 -mfpu=vfpv3 -mfloat-abi=hard -nostartf
TRACE::2026-09-10.23:46:53::SCWBDomain::iles -g -Wall -Wextra -fno-tree-loop-distribute-patterns"

TRACE::2026-09-10.23:46:53::SCWBDomain::"Running Make libs in ps7_cortexa9_0/libsrc/devcfg_v3_8/src"

TRACE::2026-09-10.23:46:53::SCWBDomain::make -C ps7_cortexa9_0/libsrc/devcfg_v3_8/src -s libs  "SHELL=CMD" "COMPILER=arm-none-eabi-gcc" "ASSEMBLER=arm-none-eabi-as" "A
TRACE::2026-09-10.23:46:54::SCWBDomain::RCHIVER=arm-none-eabi-ar" "COMPILER_FLAGS=  -O2 -c" "EXTRA_COMPILER_FLAGS=-mcpu=cortex-a9 -mfpu=vfpv3 -mfloat-abi=hard -nostart
TRACE::2026-09-10.23:46:54::SCWBDomain::files -g -Wall -Wextra -fno-tree-loop-distribute-patterns"

TRACE::2026-09-10.23:46:54::SCWBDomain::"Running Make libs in ps7_cortexa9_0/libsrc/dmaps_v2_11/src"

TRACE::2026-09-10.23:46:54::SCWBDomain::make -C ps7_cortexa9_0/libsrc/dmaps_v2_11/src -s libs  "SHELL=CMD" "COMPILER=arm-none-eabi-gcc" "ASSEMBLER=arm-none-eabi-as" "A
TRACE::2026-09-10.23:46:54::SCWBDomain::RCHIVER=arm-none-eabi-ar" "COMPILER_FLAGS=  -O2 -c" "EXTRA_COMPILER_FLAGS=-mcpu=cortex-a9 -mfpu=vfpv3 -mfloat-abi=hard -nostart
TRACE::2026-09-10.23:46:54::SCWBDomain::files -g -Wall -Wextra -fno-tree-loop-distribute-patterns"

TRACE::2026-09-10.23:46:54::SCWBDomain::"Running Make libs in ps7_cortexa9_0/libsrc/qspips_v3_13/src"

TRACE::2026-09-10.23:46:54::SCWBDomain::make -C ps7_cortexa9_0/libsrc/qspips_v3_13/src -s libs  "SHELL=CMD" "COMPILER=arm-none-eabi-gcc" "ASSEMBLER=arm-none-eabi-as" "
TRACE::2026-09-10.23:46:54::SCWBDomain::ARCHIVER=arm-none-eabi-ar" "COMPILER_FLAGS=  -O2 -c" "EXTRA_COMPILER_FLAGS=-mcpu=cortex-a9 -mfpu=vfpv3 -mfloat-abi=hard -nostar
TRACE::2026-09-10.23:46:54::SCWBDomain::tfiles -g -Wall -Wextra -fno-tree-loop-distribute-patterns"

TRACE::2026-09-10.23:46:54::SCWBDomain::"Running Make libs in ps7_cortexa9_0/libsrc/scugic_v5_4/src"

TRACE::2026-09-10.23:46:54::SCWBDomain::make -C ps7_cortexa9_0/libsrc/scugic_v5_4/src -s libs  "SHELL=CMD" "COMPILER=arm-none-eabi-gcc" "ASSEMBLER=arm-none-eabi-as" "A
TRACE::2026-09-10.23:46:54::SCWBDomain::RCHIVER=arm-none-eabi-ar" "COMPILER_FLAGS=  -O2 -c" "EXTRA_COMPILER_FLAGS=-mcpu=cortex-a9 -mfpu=vfpv3 -mfloat-abi=hard -nostart
TRACE::2026-09-10.23:46:54::SCWBDomain::files -g -Wall -Wextra -fno-tree-loop-distribute-patterns"

TRACE::2026-09-10.23:46:54::SCWBDomain::"Running Make libs in ps7_cortexa9_0/libsrc/scutimer_v2_6/src"

TRACE::2026-09-10.23:46:54::SCWBDomain::make -C ps7_cortexa9_0/libsrc/scutimer_v2_6/src -s libs  "SHELL=CMD" "COMPILER=arm-none-eabi-gcc" "ASSEMBLER=arm-none-eabi-as" 
TRACE::2026-09-10.23:46:54::SCWBDomain::"ARCHIVER=arm-none-eabi-ar" "COMPILER_FLAGS=  -O2 -c" "EXTRA_COMPILER_FLAGS=-mcpu=cortex-a9 -mfpu=vfpv3 -mfloat-abi=hard -nosta
TRACE::2026-09-10.23:46:54::SCWBDomain::rtfiles -g -Wall -Wextra -fno-tree-loop-distribute-patterns"

TRACE::2026-09-10.23:46:54::SCWBDomain::"Running Make libs in ps7_cortexa9_0/libsrc/scuwdt_v2_6/src"

TRACE::2026-09-10.23:46:54::SCWBDomain::make -C ps7_cortexa9_0/libsrc/scuwdt_v2_6/src -s libs  "SHELL=CMD" "COMPILER=arm-none-eabi-gcc" "ASSEMBLER=arm-none-eabi-as" "A
TRACE::2026-09-10.23:46:54::SCWBDomain::RCHIVER=arm-none-eabi-ar" "COMPILER_FLAGS=  -O2 -c" "EXTRA_COMPILER_FLAGS=-mcpu=cortex-a9 -mfpu=vfpv3 -mfloat-abi=hard -nostart
TRACE::2026-09-10.23:46:54::SCWBDomain::files -g -Wall -Wextra -fno-tree-loop-distribute-patterns"

TRACE::2026-09-10.23:46:54::SCWBDomain::"Running Make libs in ps7_cortexa9_0/libsrc/standalone_v9_2/src"

TRACE::2026-09-10.23:46:54::SCWBDomain::make -C ps7_cortexa9_0/libsrc/standalone_v9_2/src -s libs  "SHELL=CMD" "COMPILER=arm-none-eabi-gcc" "ASSEMBLER=arm-none-eabi-as
TRACE::2026-09-10.23:46:54::SCWBDomain::" "ARCHIVER=arm-none-eabi-ar" "COMPILER_FLAGS=  -O2 -c" "EXTRA_COMPILER_FLAGS=-mcpu=cortex-a9 -mfpu=vfpv3 -mfloat-abi=hard -nos
TRACE::2026-09-10.23:46:54::SCWBDomain::tartfiles -g -Wall -Wextra -fno-tree-loop-distribute-patterns"

TRACE::2026-09-10.23:46:54::SCWBDomain::"Running Make libs in ps7_cortexa9_0/libsrc/uartps_v3_15/src"

TRACE::2026-09-10.23:46:54::SCWBDomain::make -C ps7_cortexa9_0/libsrc/uartps_v3_15/src -s libs  "SHELL=CMD" "COMPILER=arm-none-eabi-gcc" "ASSEMBLER=arm-none-eabi-as" "
TRACE::2026-09-10.23:46:54::SCWBDomain::ARCHIVER=arm-none-eabi-ar" "COMPILER_FLAGS=  -O2 -c" "EXTRA_COMPILER_FLAGS=-mcpu=cortex-a9 -mfpu=vfpv3 -mfloat-abi=hard -nostar
TRACE::2026-09-10.23:46:54::SCWBDomain::tfiles -g -Wall -Wextra -fno-tree-loop-distribute-patterns"

TRACE::2026-09-10.23:46:54::SCWBDomain::"Running Make libs in ps7_cortexa9_0/libsrc/xadcps_v2_7/src"

TRACE::2026-09-10.23:46:54::SCWBDomain::make -C ps7_cortexa9_0/libsrc/xadcps_v2_7/src -s libs  "SHELL=CMD" "COMPILER=arm-none-eabi-gcc" "ASSEMBLER=arm-none-eabi-as" "A
TRACE::2026-09-10.23:46:54::SCWBDomain::RCHIVER=arm-none-eabi-ar" "COMPILER_FLAGS=  -O2 -c" "EXTRA_COMPILER_FLAGS=-mcpu=cortex-a9 -mfpu=vfpv3 -mfloat-abi=hard -nostart
TRACE::2026-09-10.23:46:54::SCWBDomain::files -g -Wall -Wextra -fno-tree-loop-distribute-patterns"

TRACE::2026-09-10.23:46:54::SCWBDomain::"Running Make libs in ps7_cortexa9_0/libsrc/xilffs_v5_3/src"

TRACE::2026-09-10.23:46:55::SCWBDomain::make -C ps7_cortexa9_0/libsrc/xilffs_v5_3/src -s libs  "SHELL=CMD" "COMPILER=arm-none-eabi-gcc" "ASSEMBLER=arm-none-eabi-as" "A
TRACE::2026-09-10.23:46:55::SCWBDomain::RCHIVER=arm-none-eabi-ar" "COMPILER_FLAGS=  -O2 -c" "EXTRA_COMPILER_FLAGS=-mcpu=cortex-a9 -mfpu=vfpv3 -mfloat-abi=hard -nostart
TRACE::2026-09-10.23:46:55::SCWBDomain::files -g -Wall -Wextra -fno-tree-loop-distribute-patterns"

TRACE::2026-09-10.23:46:56::SCWBDomain::'Finished building libraries parallelly.'

TRACE::2026-09-10.23:46:56::SCWBDomain::make --no-print-directory archive

TRACE::2026-09-10.23:46:56::SCWBDomain::arm-none-eabi-ar -r  ps7_cortexa9_0/lib/libxil.a ps7_cortexa9_0/lib/_exit.o ps7_cortexa9_0/lib/_open.o ps7_cortexa9_0/lib/_sbrk
TRACE::2026-09-10.23:46:56::SCWBDomain::.o ps7_cortexa9_0/lib/abort.o ps7_cortexa9_0/lib/asm_vectors.o ps7_cortexa9_0/lib/boot.o ps7_cortexa9_0/lib/close.o ps7_cortexa
TRACE::2026-09-10.23:46:56::SCWBDomain::9_0/lib/cpputest_time.o ps7_cortexa9_0/lib/cpu_init.o ps7_cortexa9_0/lib/errno.o ps7_cortexa9_0/lib/fcntl.o ps7_cortexa9_0/lib/
TRACE::2026-09-10.23:46:56::SCWBDomain::fstat.o ps7_cortexa9_0/lib/getentropy.o ps7_cortexa9_0/lib/getpid.o ps7_cortexa9_0/lib/gettimeofday.o ps7_cortexa9_0/lib/inbyte
TRACE::2026-09-10.23:46:56::SCWBDomain::.o ps7_cortexa9_0/lib/isatty.o ps7_cortexa9_0/lib/kill.o ps7_cortexa9_0/lib/lseek.o ps7_cortexa9_0/lib/open.o ps7_cortexa9_0/li
TRACE::2026-09-10.23:46:56::SCWBDomain::b/outbyte.o ps7_cortexa9_0/lib/print.o ps7_cortexa9_0/lib/putnum.o ps7_cortexa9_0/lib/read.o ps7_cortexa9_0/lib/sbrk.o ps7_cort
TRACE::2026-09-10.23:46:56::SCWBDomain::exa9_0/lib/sleep.o ps7_cortexa9_0/lib/time.o ps7_cortexa9_0/lib/translation_table.o ps7_cortexa9_0/lib/unlink.o ps7_cortexa9_0/
TRACE::2026-09-10.23:46:56::SCWBDomain::lib/usleep.o ps7_cortexa9_0/lib/vectors.o ps7_cortexa9_0/lib/write.o ps7_cortexa9_0/lib/xadcps.o ps7_cortexa9_0/lib/xadcps_g.o 
TRACE::2026-09-10.23:46:56::SCWBDomain::ps7_cortexa9_0/lib/xadcps_intr.o ps7_cortexa9_0/lib/xadcps_selftest.o ps7_cortexa9_0/lib/xadcps_sinit.o ps7_cortexa9_0/lib/xcor
TRACE::2026-09-10.23:46:56::SCWBDomain::esightpsdcc.o ps7_cortexa9_0/lib/xdevcfg.o ps7_cortexa9_0/lib/xdevcfg_g.o ps7_cortexa9_0/lib/xdevcfg_hw.o ps7_cortexa9_0/lib/xd
TRACE::2026-09-10.23:46:56::SCWBDomain::evcfg_intr.o ps7_cortexa9_0/lib/xdevcfg_selftest.o ps7_cortexa9_0/lib/xdevcfg_sinit.o ps7_cortexa9_0/lib/xdmaps.o ps7_cortexa9_
TRACE::2026-09-10.23:46:56::SCWBDomain::0/lib/xdmaps_g.o ps7_cortexa9_0/lib/xdmaps_hw.o ps7_cortexa9_0/lib/xdmaps_selftest.o ps7_cortexa9_0/lib/xdmaps_sinit.o ps7_cort
TRACE::2026-09-10.23:46:56::SCWBDomain::exa9_0/lib/xil-crt0.o ps7_cortexa9_0/lib/xil_assert.o ps7_cortexa9_0/lib/xil_cache.o ps7_cortexa9_0/lib/xil_clocking.o ps7_cort
TRACE::2026-09-10.23:46:56::SCWBDomain::exa9_0/lib/xil_exception.o ps7_cortexa9_0/lib/xil_mem.o ps7_cortexa9_0/lib/xil_misc_psreset_api.o ps7_cortexa9_0/lib/xil_mmu.o 
TRACE::2026-09-10.23:46:56::SCWBDomain::ps7_cortexa9_0/lib/xil_printf.o ps7_cortexa9_0/lib/xil_sleepcommon.o ps7_cortexa9_0/lib/xil_sleeptimer.o ps7_cortexa9_0/lib/xil
TRACE::2026-09-10.23:46:56::SCWBDomain::_spinlock.o ps7_cortexa9_0/lib/xil_sutil.o ps7_cortexa9_0/lib/xil_testcache.o ps7_cortexa9_0/lib/xil_testio.o ps7_cortexa9_0/li
TRACE::2026-09-10.23:46:56::SCWBDomain::b/xil_testmem.o ps7_cortexa9_0/lib/xil_util.o ps7_cortexa9_0/lib/xinterrupt_wrap.o ps7_cortexa9_0/lib/xl2cc_counter.o ps7_corte
TRACE::2026-09-10.23:46:56::SCWBDomain::xa9_0/lib/xplatform_info.o ps7_cortexa9_0/lib/xpm_counter.o ps7_cortexa9_0/lib/xpm_init.o ps7_cortexa9_0/lib/xqspips.o ps7_cort
TRACE::2026-09-10.23:46:56::SCWBDomain::exa9_0/lib/xqspips_g.o ps7_cortexa9_0/lib/xqspips_hw.o ps7_cortexa9_0/lib/xqspips_options.o ps7_cortexa9_0/lib/xqspips_selftest
TRACE::2026-09-10.23:46:56::SCWBDomain::.o ps7_cortexa9_0/lib/xqspips_sinit.o ps7_cortexa9_0/lib/xscugic.o ps7_cortexa9_0/lib/xscugic_g.o ps7_cortexa9_0/lib/xscugic_hw
TRACE::2026-09-10.23:46:56::SCWBDomain::.o ps7_cortexa9_0/lib/xscugic_intr.o ps7_cortexa9_0/lib/xscugic_selftest.o ps7_cortexa9_0/lib/xscugic_sinit.o ps7_cortexa9_0/li
TRACE::2026-09-10.23:46:56::SCWBDomain::b/xscutimer.o ps7_cortexa9_0/lib/xscutimer_g.o ps7_cortexa9_0/lib/xscutimer_selftest.o ps7_cortexa9_0/lib/xscutimer_sinit.o ps7
TRACE::2026-09-10.23:46:56::SCWBDomain::_cortexa9_0/lib/xscuwdt.o ps7_cortexa9_0/lib/xscuwdt_g.o ps7_cortexa9_0/lib/xscuwdt_selftest.o ps7_cortexa9_0/lib/xscuwdt_sinit
TRACE::2026-09-10.23:46:56::SCWBDomain::.o ps7_cortexa9_0/lib/xtime_l.o ps7_cortexa9_0/lib/xuartps.o ps7_cortexa9_0/lib/xuartps_g.o ps7_cortexa9_0/lib/xuartps_hw.o ps7
TRACE::2026-09-10.23:46:56::SCWBDomain::_cortexa9_0/lib/xuartps_intr.o ps7_cortexa9_0/lib/xuartps_options.o ps7_cortexa9_0/lib/xuartps_selftest.o ps7_cortexa9_0/lib/xu
TRACE::2026-09-10.23:46:56::SCWBDomain::artps_sinit.o

TRACE::2026-09-10.23:46:56::SCWBDomain::'Finished building libraries'

TRACE::2026-09-10.23:46:56::SCWBDomain::make: Leaving directory 'C:/repo/SOC/SoC_301/2_GROUND_WORK/3_EMBEDDED_C_BASIC/1_DATA_TYPE/USART_HW_wrapper/zynq_fsbl/zynq_fsbl_
TRACE::2026-09-10.23:46:56::SCWBDomain::bsp'

TRACE::2026-09-10.23:46:56::SCWBDomain::arm-none-eabi-gcc  -O2 -c -MMD -MP       -mcpu=cortex-a9 -mfpu=vfpv3 -mfloat-abi=hard  -c sd.c -o sd.o -Izynq_fsbl_bsp/ps7_cort
TRACE::2026-09-10.23:46:56::SCWBDomain::exa9_0/include -I.

TRACE::2026-09-10.23:46:56::SCWBDomain::arm-none-eabi-gcc  -O2 -c -MMD -MP       -mcpu=cortex-a9 -mfpu=vfpv3 -mfloat-abi=hard  -c nand.c -o nand.o -Izynq_fsbl_bsp/ps7_
TRACE::2026-09-10.23:46:56::SCWBDomain::cortexa9_0/include -I.

TRACE::2026-09-10.23:46:56::SCWBDomain::arm-none-eabi-gcc  -O2 -c -MMD -MP       -mcpu=cortex-a9 -mfpu=vfpv3 -mfloat-abi=hard  -c nor.c -o nor.o -Izynq_fsbl_bsp/ps7_co
TRACE::2026-09-10.23:46:56::SCWBDomain::rtexa9_0/include -I.

TRACE::2026-09-10.23:46:56::SCWBDomain::arm-none-eabi-gcc  -O2 -c -MMD -MP       -mcpu=cortex-a9 -mfpu=vfpv3 -mfloat-abi=hard  -c image_mover.c -o image_mover.o -Izynq
TRACE::2026-09-10.23:46:56::SCWBDomain::_fsbl_bsp/ps7_cortexa9_0/include -I.

TRACE::2026-09-10.23:46:57::SCWBDomain::arm-none-eabi-gcc  -O2 -c -MMD -MP       -mcpu=cortex-a9 -mfpu=vfpv3 -mfloat-abi=hard  -c md5.c -o md5.o -Izynq_fsbl_bsp/ps7_co
TRACE::2026-09-10.23:46:57::SCWBDomain::rtexa9_0/include -I.

TRACE::2026-09-10.23:46:57::SCWBDomain::arm-none-eabi-gcc  -O2 -c -MMD -MP       -mcpu=cortex-a9 -mfpu=vfpv3 -mfloat-abi=hard  -c fsbl_hooks.c -o fsbl_hooks.o -Izynq_f
TRACE::2026-09-10.23:46:57::SCWBDomain::sbl_bsp/ps7_cortexa9_0/include -I.

TRACE::2026-09-10.23:46:57::SCWBDomain::arm-none-eabi-gcc  -O2 -c -MMD -MP       -mcpu=cortex-a9 -mfpu=vfpv3 -mfloat-abi=hard  -c main.c -o main.o -Izynq_fsbl_bsp/ps7_
TRACE::2026-09-10.23:46:57::SCWBDomain::cortexa9_0/include -I.

TRACE::2026-09-10.23:46:57::SCWBDomain::arm-none-eabi-gcc  -O2 -c -MMD -MP       -mcpu=cortex-a9 -mfpu=vfpv3 -mfloat-abi=hard  -c rsa.c -o rsa.o -Izynq_fsbl_bsp/ps7_co
TRACE::2026-09-10.23:46:57::SCWBDomain::rtexa9_0/include -I.

TRACE::2026-09-10.23:46:57::SCWBDomain::arm-none-eabi-gcc  -O2 -c -MMD -MP       -mcpu=cortex-a9 -mfpu=vfpv3 -mfloat-abi=hard  -c qspi.c -o qspi.o -Izynq_fsbl_bsp/ps7_
TRACE::2026-09-10.23:46:57::SCWBDomain::cortexa9_0/include -I.

TRACE::2026-09-10.23:46:57::SCWBDomain::arm-none-eabi-gcc  -O2 -c -MMD -MP       -mcpu=cortex-a9 -mfpu=vfpv3 -mfloat-abi=hard  -c ps7_init.c -o ps7_init.o -Izynq_fsbl_
TRACE::2026-09-10.23:46:57::SCWBDomain::bsp/ps7_cortexa9_0/include -I.

TRACE::2026-09-10.23:46:57::SCWBDomain::arm-none-eabi-gcc  -O2 -c -MMD -MP       -mcpu=cortex-a9 -mfpu=vfpv3 -mfloat-abi=hard  -c pcap.c -o pcap.o -Izynq_fsbl_bsp/ps7_
TRACE::2026-09-10.23:46:57::SCWBDomain::cortexa9_0/include -I.

TRACE::2026-09-10.23:46:58::SCWBDomain::arm-none-eabi-gcc  -O2 -c -MMD -MP       -mcpu=cortex-a9 -mfpu=vfpv3 -mfloat-abi=hard  -c fsbl_handoff.S -o fsbl_handoff.o -Izy
TRACE::2026-09-10.23:46:58::SCWBDomain::nq_fsbl_bsp/ps7_cortexa9_0/include -I.

TRACE::2026-09-10.23:46:58::SCWBDomain::arm-none-eabi-gcc -o fsbl.elf fsbl_handoff.o fsbl_hooks.o image_mover.o main.o md5.o nand.o nor.o pcap.o ps7_init.o qspi.o rsa.
TRACE::2026-09-10.23:46:58::SCWBDomain::o sd.o -MMD -MP       -mcpu=cortex-a9 -mfpu=vfpv3 -mfloat-abi=hard   -mcpu=cortex-a9 -mfpu=vfpv3 -mfloat-abi=hard -Wl,-build-id
TRACE::2026-09-10.23:46:58::SCWBDomain::=none -specs=Xilinx.spec  -lrsa -Wl,--start-group,-lxil,-lgcc,-lc,--end-group -Wl,--start-group,-lxilffs,-lxil,-lgcc,-lc,--end-
TRACE::2026-09-10.23:46:58::SCWBDomain::group -Wl,--start-group,-lrsa,-lxil,-lgcc,-lc,--end-group                               -Wl,--gc-sections -Lzynq_fsbl_bsp/ps7_c
TRACE::2026-09-10.23:46:58::SCWBDomain::ortexa9_0/lib -L./ -Tlscript.ld

LOG::2026-09-10.23:46:58::SCWSystem::Checking the domain standalone_ps7_cortexa9_0
LOG::2026-09-10.23:46:58::SCWSystem::Not a boot domain 
LOG::2026-09-10.23:46:58::SCWSystem::Started Processing the domain standalone_ps7_cortexa9_0
TRACE::2026-09-10.23:46:58::SCWDomain::Generating domain artifcats
TRACE::2026-09-10.23:46:58::SCWMssOS::Generating standalone artifcats
TRACE::2026-09-10.23:46:58::SCWMssOS::Copying the qemu file from  C:/repo/SOC/SoC_301/2_GROUND_WORK/3_EMBEDDED_C_BASIC/1_DATA_TYPE/USART_HW_wrapper/resources/USART_HW_wrapper/standalone_ps7_cortexa9_0/qemu_args.txt To C:/repo/SOC/SoC_301/2_GROUND_WORK/3_EMBEDDED_C_BASIC/1_DATA_TYPE/USART_HW_wrapper/export/USART_HW_wrapper/sw/USART_HW_wrapper/qemu/
TRACE::2026-09-10.23:46:58::SCWMssOS::Copying the qemu file from  C:/repo/SOC/SoC_301/2_GROUND_WORK/3_EMBEDDED_C_BASIC/1_DATA_TYPE/USART_HW_wrapper/resources/USART_HW_wrapper/standalone_ps7_cortexa9_0/qemu_args.txt To C:/repo/SOC/SoC_301/2_GROUND_WORK/3_EMBEDDED_C_BASIC/1_DATA_TYPE/USART_HW_wrapper/export/USART_HW_wrapper/sw/USART_HW_wrapper/standalone_ps7_cortexa9_0/qemu/
TRACE::2026-09-10.23:46:58::SCWMssOS:: Copying the user libraries. 
TRACE::2026-09-10.23:46:58::SCWPlatform::Trying to open the hw design at C:/repo/SOC/SoC_301/2_GROUND_WORK/3_EMBEDDED_C_BASIC/1_DATA_TYPE/USART_HW_wrapper/hw/USART_HW_wrapper.xsa
TRACE::2026-09-10.23:46:58::SCWPlatform::DSA given C:/repo/SOC/SoC_301/2_GROUND_WORK/3_EMBEDDED_C_BASIC/1_DATA_TYPE/USART_HW_wrapper/hw/USART_HW_wrapper.xsa
TRACE::2026-09-10.23:46:58::SCWPlatform::DSA absoulate path C:/repo/SOC/SoC_301/2_GROUND_WORK/3_EMBEDDED_C_BASIC/1_DATA_TYPE/USART_HW_wrapper/hw/USART_HW_wrapper.xsa
TRACE::2026-09-10.23:46:58::SCWPlatform::DSA directory C:/repo/SOC/SoC_301/2_GROUND_WORK/3_EMBEDDED_C_BASIC/1_DATA_TYPE/USART_HW_wrapper/hw
TRACE::2026-09-10.23:46:58::SCWPlatform:: Platform Path C:/repo/SOC/SoC_301/2_GROUND_WORK/3_EMBEDDED_C_BASIC/1_DATA_TYPE/USART_HW_wrapper/hw/USART_HW_wrapper.xsa
TRACE::2026-09-10.23:46:58::SCWPlatform:: Unique name xilinx:zybo-z7-20::0.0
TRACE::2026-09-10.23:46:58::SCWPlatform::Trying to set the existing hwdb with name USART_HW_wrapper_0
TRACE::2026-09-10.23:46:58::SCWPlatform::Opened existing hwdb USART_HW_wrapper_0
TRACE::2026-09-10.23:46:58::SCWPlatform::Found the Hw Db part of the input DSA
TRACE::2026-09-10.23:46:58::SCWMssOS::Checking the sw design at  C:/repo/SOC/SoC_301/2_GROUND_WORK/3_EMBEDDED_C_BASIC/1_DATA_TYPE/USART_HW_wrapper/ps7_cortexa9_0/standalone_ps7_cortexa9_0/bsp/system.mss
TRACE::2026-09-10.23:46:58::SCWMssOS::DEBUG:  swdes dump  C:/repo/SOC/SoC_301/2_GROUND_WORK/3_EMBEDDED_C_BASIC/1_DATA_TYPE/USART_HW_wrapper/ps7_cortexa9_0/standalone_ps7_cortexa9_0/bsp/system.mss|system_0||
C:/repo/SOC/SoC_301/2_GROUND_WORK/3_EMBEDDED_C_BASIC/1_DATA_TYPE/USART_HW_wrapper/zynq_fsbl/zynq_fsbl_bsp/system.mss|system||

TRACE::2026-09-10.23:46:58::SCWMssOS::Sw design exists and opened at  C:/repo/SOC/SoC_301/2_GROUND_WORK/3_EMBEDDED_C_BASIC/1_DATA_TYPE/USART_HW_wrapper/ps7_cortexa9_0/standalone_ps7_cortexa9_0/bsp/system.mss
TRACE::2026-09-10.23:46:58::SCWMssOS::Completed writing the mss file at C:/repo/SOC/SoC_301/2_GROUND_WORK/3_EMBEDDED_C_BASIC/1_DATA_TYPE/USART_HW_wrapper/ps7_cortexa9_0/standalone_ps7_cortexa9_0/bsp
TRACE::2026-09-10.23:46:58::SCWMssOS::Mss edits present, copying mssfile into export location C:/repo/SOC/SoC_301/2_GROUND_WORK/3_EMBEDDED_C_BASIC/1_DATA_TYPE/USART_HW_wrapper/ps7_cortexa9_0/standalone_ps7_cortexa9_0/bsp/system.mss
TRACE::2026-09-10.23:46:58::SCWMssOS::bsp generated is upto date with the mss file. Skipping bsp generation.
TRACE::2026-09-10.23:46:58::SCWMssOS::BSP is already built. skipping the bsp build ... 
TRACE::2026-09-10.23:46:58::SCWDomain::Building the domain as part of full build :  standalone_ps7_cortexa9_0
TRACE::2026-09-10.23:46:58::SCWMssOS::doing bsp build ... 
TRACE::2026-09-10.23:46:58::SCWMssOS::System Command Ran  C: & cd  C:/repo/SOC/SoC_301/2_GROUND_WORK/3_EMBEDDED_C_BASIC/1_DATA_TYPE/USART_HW_wrapper/ps7_cortexa9_0/standalone_ps7_cortexa9_0/bsp & make 
TRACE::2026-09-10.23:46:58::SCWMssOS::make --no-print-directory seq_libs

TRACE::2026-09-10.23:46:58::SCWMssOS::'Finished building libraries sequentially.'

TRACE::2026-09-10.23:46:58::SCWMssOS::make -j 14 --no-print-directory par_libs

TRACE::2026-09-10.23:46:58::SCWMssOS::"Running Make include in ps7_cortexa9_0/libsrc/coresightps_dcc_v1_11/src"

TRACE::2026-09-10.23:46:58::SCWMssOS::make -C ps7_cortexa9_0/libsrc/coresightps_dcc_v1_11/src -s include  "SHELL=CMD" "COMPILER=arm-none-eabi-gcc" "ASSEMBLER=arm-non
TRACE::2026-09-10.23:46:58::SCWMssOS::e-eabi-as" "ARCHIVER=arm-none-eabi-ar" "COMPILER_FLAGS=  -O2 -c" "EXTRA_COMPILER_FLAGS=-mcpu=cortex-a9 -mfpu=vfpv3 -mfloat-abi=
TRACE::2026-09-10.23:46:58::SCWMssOS::hard -nostartfiles -g -Wall -Wextra -fno-tree-loop-distribute-patterns"

TRACE::2026-09-10.23:46:58::SCWMssOS::"Running Make include in ps7_cortexa9_0/libsrc/cpu_cortexa9_v2_12/src"

TRACE::2026-09-10.23:46:58::SCWMssOS::make -C ps7_cortexa9_0/libsrc/cpu_cortexa9_v2_12/src -s include  "SHELL=CMD" "COMPILER=arm-none-eabi-gcc" "ASSEMBLER=arm-none-e
TRACE::2026-09-10.23:46:58::SCWMssOS::abi-as" "ARCHIVER=arm-none-eabi-ar" "COMPILER_FLAGS=  -O2 -c" "EXTRA_COMPILER_FLAGS=-mcpu=cortex-a9 -mfpu=vfpv3 -mfloat-abi=har
TRACE::2026-09-10.23:46:58::SCWMssOS::d -nostartfiles -g -Wall -Wextra -fno-tree-loop-distribute-patterns"

TRACE::2026-09-10.23:46:58::SCWMssOS::"Running Make include in ps7_cortexa9_0/libsrc/ddrps_v1_2/src"

TRACE::2026-09-10.23:46:58::SCWMssOS::make -C ps7_cortexa9_0/libsrc/ddrps_v1_2/src -s include  "SHELL=CMD" "COMPILER=arm-none-eabi-gcc" "ASSEMBLER=arm-none-eabi-as" 
TRACE::2026-09-10.23:46:58::SCWMssOS::"ARCHIVER=arm-none-eabi-ar" "COMPILER_FLAGS=  -O2 -c" "EXTRA_COMPILER_FLAGS=-mcpu=cortex-a9 -mfpu=vfpv3 -mfloat-abi=hard -nosta
TRACE::2026-09-10.23:46:58::SCWMssOS::rtfiles -g -Wall -Wextra -fno-tree-loop-distribute-patterns"

TRACE::2026-09-10.23:46:58::SCWMssOS::"Running Make include in ps7_cortexa9_0/libsrc/devcfg_v3_8/src"

TRACE::2026-09-10.23:46:58::SCWMssOS::make -C ps7_cortexa9_0/libsrc/devcfg_v3_8/src -s include  "SHELL=CMD" "COMPILER=arm-none-eabi-gcc" "ASSEMBLER=arm-none-eabi-as"
TRACE::2026-09-10.23:46:58::SCWMssOS:: "ARCHIVER=arm-none-eabi-ar" "COMPILER_FLAGS=  -O2 -c" "EXTRA_COMPILER_FLAGS=-mcpu=cortex-a9 -mfpu=vfpv3 -mfloat-abi=hard -nost
TRACE::2026-09-10.23:46:58::SCWMssOS::artfiles -g -Wall -Wextra -fno-tree-loop-distribute-patterns"

TRACE::2026-09-10.23:46:58::SCWMssOS::"Running Make include in ps7_cortexa9_0/libsrc/dmaps_v2_11/src"

TRACE::2026-09-10.23:46:58::SCWMssOS::make -C ps7_cortexa9_0/libsrc/dmaps_v2_11/src -s include  "SHELL=CMD" "COMPILER=arm-none-eabi-gcc" "ASSEMBLER=arm-none-eabi-as"
TRACE::2026-09-10.23:46:58::SCWMssOS:: "ARCHIVER=arm-none-eabi-ar" "COMPILER_FLAGS=  -O2 -c" "EXTRA_COMPILER_FLAGS=-mcpu=cortex-a9 -mfpu=vfpv3 -mfloat-abi=hard -nost
TRACE::2026-09-10.23:46:58::SCWMssOS::artfiles -g -Wall -Wextra -fno-tree-loop-distribute-patterns"

TRACE::2026-09-10.23:46:58::SCWMssOS::"Running Make include in ps7_cortexa9_0/libsrc/qspips_v3_13/src"

TRACE::2026-09-10.23:46:58::SCWMssOS::make -C ps7_cortexa9_0/libsrc/qspips_v3_13/src -s include  "SHELL=CMD" "COMPILER=arm-none-eabi-gcc" "ASSEMBLER=arm-none-eabi-as
TRACE::2026-09-10.23:46:58::SCWMssOS::" "ARCHIVER=arm-none-eabi-ar" "COMPILER_FLAGS=  -O2 -c" "EXTRA_COMPILER_FLAGS=-mcpu=cortex-a9 -mfpu=vfpv3 -mfloat-abi=hard -nos
TRACE::2026-09-10.23:46:58::SCWMssOS::tartfiles -g -Wall -Wextra -fno-tree-loop-distribute-patterns"

TRACE::2026-09-10.23:46:58::SCWMssOS::"Running Make include in ps7_cortexa9_0/libsrc/scugic_v5_4/src"

TRACE::2026-09-10.23:46:58::SCWMssOS::make -C ps7_cortexa9_0/libsrc/scugic_v5_4/src -s include  "SHELL=CMD" "COMPILER=arm-none-eabi-gcc" "ASSEMBLER=arm-none-eabi-as"
TRACE::2026-09-10.23:46:58::SCWMssOS:: "ARCHIVER=arm-none-eabi-ar" "COMPILER_FLAGS=  -O2 -c" "EXTRA_COMPILER_FLAGS=-mcpu=cortex-a9 -mfpu=vfpv3 -mfloat-abi=hard -nost
TRACE::2026-09-10.23:46:58::SCWMssOS::artfiles -g -Wall -Wextra -fno-tree-loop-distribute-patterns"

TRACE::2026-09-10.23:46:58::SCWMssOS::"Running Make include in ps7_cortexa9_0/libsrc/scutimer_v2_6/src"

TRACE::2026-09-10.23:46:58::SCWMssOS::make -C ps7_cortexa9_0/libsrc/scutimer_v2_6/src -s include  "SHELL=CMD" "COMPILER=arm-none-eabi-gcc" "ASSEMBLER=arm-none-eabi-a
TRACE::2026-09-10.23:46:58::SCWMssOS::s" "ARCHIVER=arm-none-eabi-ar" "COMPILER_FLAGS=  -O2 -c" "EXTRA_COMPILER_FLAGS=-mcpu=cortex-a9 -mfpu=vfpv3 -mfloat-abi=hard -no
TRACE::2026-09-10.23:46:58::SCWMssOS::startfiles -g -Wall -Wextra -fno-tree-loop-distribute-patterns"

TRACE::2026-09-10.23:46:58::SCWMssOS::"Running Make include in ps7_cortexa9_0/libsrc/scuwdt_v2_6/src"

TRACE::2026-09-10.23:46:58::SCWMssOS::make -C ps7_cortexa9_0/libsrc/scuwdt_v2_6/src -s include  "SHELL=CMD" "COMPILER=arm-none-eabi-gcc" "ASSEMBLER=arm-none-eabi-as"
TRACE::2026-09-10.23:46:58::SCWMssOS:: "ARCHIVER=arm-none-eabi-ar" "COMPILER_FLAGS=  -O2 -c" "EXTRA_COMPILER_FLAGS=-mcpu=cortex-a9 -mfpu=vfpv3 -mfloat-abi=hard -nost
TRACE::2026-09-10.23:46:58::SCWMssOS::artfiles -g -Wall -Wextra -fno-tree-loop-distribute-patterns"

TRACE::2026-09-10.23:46:58::SCWMssOS::"Running Make include in ps7_cortexa9_0/libsrc/standalone_v9_2/src"

TRACE::2026-09-10.23:46:58::SCWMssOS::make -C ps7_cortexa9_0/libsrc/standalone_v9_2/src -s include  "SHELL=CMD" "COMPILER=arm-none-eabi-gcc" "ASSEMBLER=arm-none-eabi
TRACE::2026-09-10.23:46:58::SCWMssOS::-as" "ARCHIVER=arm-none-eabi-ar" "COMPILER_FLAGS=  -O2 -c" "EXTRA_COMPILER_FLAGS=-mcpu=cortex-a9 -mfpu=vfpv3 -mfloat-abi=hard -
TRACE::2026-09-10.23:46:59::SCWMssOS::nostartfiles -g -Wall -Wextra -fno-tree-loop-distribute-patterns"

TRACE::2026-09-10.23:46:59::SCWMssOS::"Running Make include in ps7_cortexa9_0/libsrc/uartps_v3_15/src"

TRACE::2026-09-10.23:46:59::SCWMssOS::make -C ps7_cortexa9_0/libsrc/uartps_v3_15/src -s include  "SHELL=CMD" "COMPILER=arm-none-eabi-gcc" "ASSEMBLER=arm-none-eabi-as
TRACE::2026-09-10.23:46:59::SCWMssOS::" "ARCHIVER=arm-none-eabi-ar" "COMPILER_FLAGS=  -O2 -c" "EXTRA_COMPILER_FLAGS=-mcpu=cortex-a9 -mfpu=vfpv3 -mfloat-abi=hard -nos
TRACE::2026-09-10.23:46:59::SCWMssOS::tartfiles -g -Wall -Wextra -fno-tree-loop-distribute-patterns"

TRACE::2026-09-10.23:46:59::SCWMssOS::"Running Make include in ps7_cortexa9_0/libsrc/xadcps_v2_7/src"

TRACE::2026-09-10.23:46:59::SCWMssOS::make -C ps7_cortexa9_0/libsrc/xadcps_v2_7/src -s include  "SHELL=CMD" "COMPILER=arm-none-eabi-gcc" "ASSEMBLER=arm-none-eabi-as"
TRACE::2026-09-10.23:46:59::SCWMssOS:: "ARCHIVER=arm-none-eabi-ar" "COMPILER_FLAGS=  -O2 -c" "EXTRA_COMPILER_FLAGS=-mcpu=cortex-a9 -mfpu=vfpv3 -mfloat-abi=hard -nost
TRACE::2026-09-10.23:46:59::SCWMssOS::artfiles -g -Wall -Wextra -fno-tree-loop-distribute-patterns"

TRACE::2026-09-10.23:46:59::SCWMssOS::"Running Make libs in ps7_cortexa9_0/libsrc/coresightps_dcc_v1_11/src"

TRACE::2026-09-10.23:46:59::SCWMssOS::make -C ps7_cortexa9_0/libsrc/coresightps_dcc_v1_11/src -s libs  "SHELL=CMD" "COMPILER=arm-none-eabi-gcc" "ASSEMBLER=arm-none-e
TRACE::2026-09-10.23:46:59::SCWMssOS::abi-as" "ARCHIVER=arm-none-eabi-ar" "COMPILER_FLAGS=  -O2 -c" "EXTRA_COMPILER_FLAGS=-mcpu=cortex-a9 -mfpu=vfpv3 -mfloat-abi=har
TRACE::2026-09-10.23:46:59::SCWMssOS::d -nostartfiles -g -Wall -Wextra -fno-tree-loop-distribute-patterns"

TRACE::2026-09-10.23:46:59::SCWMssOS::"Running Make libs in ps7_cortexa9_0/libsrc/cpu_cortexa9_v2_12/src"

TRACE::2026-09-10.23:46:59::SCWMssOS::make -C ps7_cortexa9_0/libsrc/cpu_cortexa9_v2_12/src -s libs  "SHELL=CMD" "COMPILER=arm-none-eabi-gcc" "ASSEMBLER=arm-none-eabi
TRACE::2026-09-10.23:46:59::SCWMssOS::-as" "ARCHIVER=arm-none-eabi-ar" "COMPILER_FLAGS=  -O2 -c" "EXTRA_COMPILER_FLAGS=-mcpu=cortex-a9 -mfpu=vfpv3 -mfloat-abi=hard -
TRACE::2026-09-10.23:46:59::SCWMssOS::nostartfiles -g -Wall -Wextra -fno-tree-loop-distribute-patterns"

TRACE::2026-09-10.23:46:59::SCWMssOS::"Running Make libs in ps7_cortexa9_0/libsrc/ddrps_v1_2/src"

TRACE::2026-09-10.23:46:59::SCWMssOS::make -C ps7_cortexa9_0/libsrc/ddrps_v1_2/src -s libs  "SHELL=CMD" "COMPILER=arm-none-eabi-gcc" "ASSEMBLER=arm-none-eabi-as" "AR
TRACE::2026-09-10.23:46:59::SCWMssOS::CHIVER=arm-none-eabi-ar" "COMPILER_FLAGS=  -O2 -c" "EXTRA_COMPILER_FLAGS=-mcpu=cortex-a9 -mfpu=vfpv3 -mfloat-abi=hard -nostartf
TRACE::2026-09-10.23:46:59::SCWMssOS::iles -g -Wall -Wextra -fno-tree-loop-distribute-patterns"

TRACE::2026-09-10.23:46:59::SCWMssOS::"Running Make libs in ps7_cortexa9_0/libsrc/devcfg_v3_8/src"

TRACE::2026-09-10.23:46:59::SCWMssOS::make -C ps7_cortexa9_0/libsrc/devcfg_v3_8/src -s libs  "SHELL=CMD" "COMPILER=arm-none-eabi-gcc" "ASSEMBLER=arm-none-eabi-as" "A
TRACE::2026-09-10.23:46:59::SCWMssOS::RCHIVER=arm-none-eabi-ar" "COMPILER_FLAGS=  -O2 -c" "EXTRA_COMPILER_FLAGS=-mcpu=cortex-a9 -mfpu=vfpv3 -mfloat-abi=hard -nostart
TRACE::2026-09-10.23:46:59::SCWMssOS::files -g -Wall -Wextra -fno-tree-loop-distribute-patterns"

TRACE::2026-09-10.23:46:59::SCWMssOS::"Running Make libs in ps7_cortexa9_0/libsrc/dmaps_v2_11/src"

TRACE::2026-09-10.23:46:59::SCWMssOS::make -C ps7_cortexa9_0/libsrc/dmaps_v2_11/src -s libs  "SHELL=CMD" "COMPILER=arm-none-eabi-gcc" "ASSEMBLER=arm-none-eabi-as" "A
TRACE::2026-09-10.23:46:59::SCWMssOS::RCHIVER=arm-none-eabi-ar" "COMPILER_FLAGS=  -O2 -c" "EXTRA_COMPILER_FLAGS=-mcpu=cortex-a9 -mfpu=vfpv3 -mfloat-abi=hard -nostart
TRACE::2026-09-10.23:46:59::SCWMssOS::files -g -Wall -Wextra -fno-tree-loop-distribute-patterns"

TRACE::2026-09-10.23:46:59::SCWMssOS::"Running Make libs in ps7_cortexa9_0/libsrc/qspips_v3_13/src"

TRACE::2026-09-10.23:46:59::SCWMssOS::make -C ps7_cortexa9_0/libsrc/qspips_v3_13/src -s libs  "SHELL=CMD" "COMPILER=arm-none-eabi-gcc" "ASSEMBLER=arm-none-eabi-as" "
TRACE::2026-09-10.23:46:59::SCWMssOS::ARCHIVER=arm-none-eabi-ar" "COMPILER_FLAGS=  -O2 -c" "EXTRA_COMPILER_FLAGS=-mcpu=cortex-a9 -mfpu=vfpv3 -mfloat-abi=hard -nostar
TRACE::2026-09-10.23:46:59::SCWMssOS::tfiles -g -Wall -Wextra -fno-tree-loop-distribute-patterns"

TRACE::2026-09-10.23:46:59::SCWMssOS::"Running Make libs in ps7_cortexa9_0/libsrc/scugic_v5_4/src"

TRACE::2026-09-10.23:46:59::SCWMssOS::make -C ps7_cortexa9_0/libsrc/scugic_v5_4/src -s libs  "SHELL=CMD" "COMPILER=arm-none-eabi-gcc" "ASSEMBLER=arm-none-eabi-as" "A
TRACE::2026-09-10.23:46:59::SCWMssOS::RCHIVER=arm-none-eabi-ar" "COMPILER_FLAGS=  -O2 -c" "EXTRA_COMPILER_FLAGS=-mcpu=cortex-a9 -mfpu=vfpv3 -mfloat-abi=hard -nostart
TRACE::2026-09-10.23:46:59::SCWMssOS::files -g -Wall -Wextra -fno-tree-loop-distribute-patterns"

TRACE::2026-09-10.23:46:59::SCWMssOS::"Running Make libs in ps7_cortexa9_0/libsrc/scutimer_v2_6/src"

TRACE::2026-09-10.23:46:59::SCWMssOS::make -C ps7_cortexa9_0/libsrc/scutimer_v2_6/src -s libs  "SHELL=CMD" "COMPILER=arm-none-eabi-gcc" "ASSEMBLER=arm-none-eabi-as" 
TRACE::2026-09-10.23:46:59::SCWMssOS::"ARCHIVER=arm-none-eabi-ar" "COMPILER_FLAGS=  -O2 -c" "EXTRA_COMPILER_FLAGS=-mcpu=cortex-a9 -mfpu=vfpv3 -mfloat-abi=hard -nosta
TRACE::2026-09-10.23:46:59::SCWMssOS::rtfiles -g -Wall -Wextra -fno-tree-loop-distribute-patterns"

TRACE::2026-09-10.23:46:59::SCWMssOS::"Running Make libs in ps7_cortexa9_0/libsrc/scuwdt_v2_6/src"

TRACE::2026-09-10.23:46:59::SCWMssOS::make -C ps7_cortexa9_0/libsrc/scuwdt_v2_6/src -s libs  "SHELL=CMD" "COMPILER=arm-none-eabi-gcc" "ASSEMBLER=arm-none-eabi-as" "A
TRACE::2026-09-10.23:46:59::SCWMssOS::RCHIVER=arm-none-eabi-ar" "COMPILER_FLAGS=  -O2 -c" "EXTRA_COMPILER_FLAGS=-mcpu=cortex-a9 -mfpu=vfpv3 -mfloat-abi=hard -nostart
TRACE::2026-09-10.23:46:59::SCWMssOS::files -g -Wall -Wextra -fno-tree-loop-distribute-patterns"

TRACE::2026-09-10.23:47:00::SCWMssOS::"Running Make libs in ps7_cortexa9_0/libsrc/standalone_v9_2/src"

TRACE::2026-09-10.23:47:00::SCWMssOS::make -C ps7_cortexa9_0/libsrc/standalone_v9_2/src -s libs  "SHELL=CMD" "COMPILER=arm-none-eabi-gcc" "ASSEMBLER=arm-none-eabi-as
TRACE::2026-09-10.23:47:00::SCWMssOS::" "ARCHIVER=arm-none-eabi-ar" "COMPILER_FLAGS=  -O2 -c" "EXTRA_COMPILER_FLAGS=-mcpu=cortex-a9 -mfpu=vfpv3 -mfloat-abi=hard -nos
TRACE::2026-09-10.23:47:00::SCWMssOS::tartfiles -g -Wall -Wextra -fno-tree-loop-distribute-patterns"

TRACE::2026-09-10.23:47:00::SCWMssOS::"Running Make libs in ps7_cortexa9_0/libsrc/uartps_v3_15/src"

TRACE::2026-09-10.23:47:00::SCWMssOS::make -C ps7_cortexa9_0/libsrc/uartps_v3_15/src -s libs  "SHELL=CMD" "COMPILER=arm-none-eabi-gcc" "ASSEMBLER=arm-none-eabi-as" "
TRACE::2026-09-10.23:47:00::SCWMssOS::ARCHIVER=arm-none-eabi-ar" "COMPILER_FLAGS=  -O2 -c" "EXTRA_COMPILER_FLAGS=-mcpu=cortex-a9 -mfpu=vfpv3 -mfloat-abi=hard -nostar
TRACE::2026-09-10.23:47:00::SCWMssOS::tfiles -g -Wall -Wextra -fno-tree-loop-distribute-patterns"

TRACE::2026-09-10.23:47:00::SCWMssOS::"Running Make libs in ps7_cortexa9_0/libsrc/xadcps_v2_7/src"

TRACE::2026-09-10.23:47:00::SCWMssOS::make -C ps7_cortexa9_0/libsrc/xadcps_v2_7/src -s libs  "SHELL=CMD" "COMPILER=arm-none-eabi-gcc" "ASSEMBLER=arm-none-eabi-as" "A
TRACE::2026-09-10.23:47:00::SCWMssOS::RCHIVER=arm-none-eabi-ar" "COMPILER_FLAGS=  -O2 -c" "EXTRA_COMPILER_FLAGS=-mcpu=cortex-a9 -mfpu=vfpv3 -mfloat-abi=hard -nostart
TRACE::2026-09-10.23:47:00::SCWMssOS::files -g -Wall -Wextra -fno-tree-loop-distribute-patterns"

TRACE::2026-09-10.23:47:01::SCWMssOS::'Finished building libraries parallelly.'

TRACE::2026-09-10.23:47:01::SCWMssOS::make --no-print-directory archive

TRACE::2026-09-10.23:47:01::SCWMssOS::arm-none-eabi-ar -r  ps7_cortexa9_0/lib/libxil.a ps7_cortexa9_0/lib/_exit.o ps7_cortexa9_0/lib/_open.o ps7_cortexa9_0/lib/_sbrk
TRACE::2026-09-10.23:47:01::SCWMssOS::.o ps7_cortexa9_0/lib/abort.o ps7_cortexa9_0/lib/asm_vectors.o ps7_cortexa9_0/lib/boot.o ps7_cortexa9_0/lib/close.o ps7_cortexa
TRACE::2026-09-10.23:47:01::SCWMssOS::9_0/lib/cpputest_time.o ps7_cortexa9_0/lib/cpu_init.o ps7_cortexa9_0/lib/errno.o ps7_cortexa9_0/lib/fcntl.o ps7_cortexa9_0/lib/
TRACE::2026-09-10.23:47:01::SCWMssOS::fstat.o ps7_cortexa9_0/lib/getentropy.o ps7_cortexa9_0/lib/getpid.o ps7_cortexa9_0/lib/gettimeofday.o ps7_cortexa9_0/lib/inbyte
TRACE::2026-09-10.23:47:01::SCWMssOS::.o ps7_cortexa9_0/lib/isatty.o ps7_cortexa9_0/lib/kill.o ps7_cortexa9_0/lib/lseek.o ps7_cortexa9_0/lib/open.o ps7_cortexa9_0/li
TRACE::2026-09-10.23:47:01::SCWMssOS::b/outbyte.o ps7_cortexa9_0/lib/print.o ps7_cortexa9_0/lib/putnum.o ps7_cortexa9_0/lib/read.o ps7_cortexa9_0/lib/sbrk.o ps7_cort
TRACE::2026-09-10.23:47:01::SCWMssOS::exa9_0/lib/sleep.o ps7_cortexa9_0/lib/time.o ps7_cortexa9_0/lib/translation_table.o ps7_cortexa9_0/lib/unlink.o ps7_cortexa9_0/
TRACE::2026-09-10.23:47:01::SCWMssOS::lib/usleep.o ps7_cortexa9_0/lib/vectors.o ps7_cortexa9_0/lib/write.o ps7_cortexa9_0/lib/xadcps.o ps7_cortexa9_0/lib/xadcps_g.o 
TRACE::2026-09-10.23:47:01::SCWMssOS::ps7_cortexa9_0/lib/xadcps_intr.o ps7_cortexa9_0/lib/xadcps_selftest.o ps7_cortexa9_0/lib/xadcps_sinit.o ps7_cortexa9_0/lib/xcor
TRACE::2026-09-10.23:47:01::SCWMssOS::esightpsdcc.o ps7_cortexa9_0/lib/xdevcfg.o ps7_cortexa9_0/lib/xdevcfg_g.o ps7_cortexa9_0/lib/xdevcfg_hw.o ps7_cortexa9_0/lib/xd
TRACE::2026-09-10.23:47:01::SCWMssOS::evcfg_intr.o ps7_cortexa9_0/lib/xdevcfg_selftest.o ps7_cortexa9_0/lib/xdevcfg_sinit.o ps7_cortexa9_0/lib/xdmaps.o ps7_cortexa9_
TRACE::2026-09-10.23:47:01::SCWMssOS::0/lib/xdmaps_g.o ps7_cortexa9_0/lib/xdmaps_hw.o ps7_cortexa9_0/lib/xdmaps_selftest.o ps7_cortexa9_0/lib/xdmaps_sinit.o ps7_cort
TRACE::2026-09-10.23:47:01::SCWMssOS::exa9_0/lib/xil-crt0.o ps7_cortexa9_0/lib/xil_assert.o ps7_cortexa9_0/lib/xil_cache.o ps7_cortexa9_0/lib/xil_clocking.o ps7_cort
TRACE::2026-09-10.23:47:01::SCWMssOS::exa9_0/lib/xil_exception.o ps7_cortexa9_0/lib/xil_mem.o ps7_cortexa9_0/lib/xil_misc_psreset_api.o ps7_cortexa9_0/lib/xil_mmu.o 
TRACE::2026-09-10.23:47:01::SCWMssOS::ps7_cortexa9_0/lib/xil_printf.o ps7_cortexa9_0/lib/xil_sleepcommon.o ps7_cortexa9_0/lib/xil_sleeptimer.o ps7_cortexa9_0/lib/xil
TRACE::2026-09-10.23:47:01::SCWMssOS::_spinlock.o ps7_cortexa9_0/lib/xil_sutil.o ps7_cortexa9_0/lib/xil_testcache.o ps7_cortexa9_0/lib/xil_testio.o ps7_cortexa9_0/li
TRACE::2026-09-10.23:47:01::SCWMssOS::b/xil_testmem.o ps7_cortexa9_0/lib/xil_util.o ps7_cortexa9_0/lib/xinterrupt_wrap.o ps7_cortexa9_0/lib/xl2cc_counter.o ps7_corte
TRACE::2026-09-10.23:47:01::SCWMssOS::xa9_0/lib/xplatform_info.o ps7_cortexa9_0/lib/xpm_counter.o ps7_cortexa9_0/lib/xpm_init.o ps7_cortexa9_0/lib/xqspips.o ps7_cort
TRACE::2026-09-10.23:47:01::SCWMssOS::exa9_0/lib/xqspips_g.o ps7_cortexa9_0/lib/xqspips_hw.o ps7_cortexa9_0/lib/xqspips_options.o ps7_cortexa9_0/lib/xqspips_selftest
TRACE::2026-09-10.23:47:01::SCWMssOS::.o ps7_cortexa9_0/lib/xqspips_sinit.o ps7_cortexa9_0/lib/xscugic.o ps7_cortexa9_0/lib/xscugic_g.o ps7_cortexa9_0/lib/xscugic_hw
TRACE::2026-09-10.23:47:01::SCWMssOS::.o ps7_cortexa9_0/lib/xscugic_intr.o ps7_cortexa9_0/lib/xscugic_selftest.o ps7_cortexa9_0/lib/xscugic_sinit.o ps7_cortexa9_0/li
TRACE::2026-09-10.23:47:01::SCWMssOS::b/xscutimer.o ps7_cortexa9_0/lib/xscutimer_g.o ps7_cortexa9_0/lib/xscutimer_selftest.o ps7_cortexa9_0/lib/xscutimer_sinit.o ps7
TRACE::2026-09-10.23:47:01::SCWMssOS::_cortexa9_0/lib/xscuwdt.o ps7_cortexa9_0/lib/xscuwdt_g.o ps7_cortexa9_0/lib/xscuwdt_selftest.o ps7_cortexa9_0/lib/xscuwdt_sinit
TRACE::2026-09-10.23:47:01::SCWMssOS::.o ps7_cortexa9_0/lib/xtime_l.o ps7_cortexa9_0/lib/xuartps.o ps7_cortexa9_0/lib/xuartps_g.o ps7_cortexa9_0/lib/xuartps_hw.o ps7
TRACE::2026-09-10.23:47:01::SCWMssOS::_cortexa9_0/lib/xuartps_intr.o ps7_cortexa9_0/lib/xuartps_options.o ps7_cortexa9_0/lib/xuartps_selftest.o ps7_cortexa9_0/lib/xu
TRACE::2026-09-10.23:47:01::SCWMssOS::artps_sinit.o

TRACE::2026-09-10.23:47:01::SCWMssOS::'Finished building libraries'

TRACE::2026-09-10.23:47:02::SCWMssOS::Copying to export directory.
TRACE::2026-09-10.23:47:02::SCWMssOS:: Checking if to create the Supporting Applications
TRACE::2026-09-10.23:47:02::SCWMssOS:: No Linux domain exists, trying to generate FSBL 
LOG::2026-09-10.23:47:02::SCWSystem::Completed Processing the domain standalone_ps7_cortexa9_0
LOG::2026-09-10.23:47:02::SCWSystem::Completed Processing the sysconfig USART_HW_wrapper
LOG::2026-09-10.23:47:02::SCWPlatform::Completed generating the artifacts for system configuration USART_HW_wrapper
TRACE::2026-09-10.23:47:02::SCWPlatform::Started preparing the platform 
TRACE::2026-09-10.23:47:02::SCWSystem::Writing the bif file for system config USART_HW_wrapper
TRACE::2026-09-10.23:47:02::SCWSystem::dir created 
TRACE::2026-09-10.23:47:02::SCWSystem::Writing the bif 
TRACE::2026-09-10.23:47:02::SCWPlatform::Started writing the spfm file 
TRACE::2026-09-10.23:47:02::SCWPlatform::Started writing the xpfm file 
TRACE::2026-09-10.23:47:02::SCWPlatform::Completed generating the platform
TRACE::2026-09-10.23:47:02::SCWMssOS::Saving the mss changes C:/repo/SOC/SoC_301/2_GROUND_WORK/3_EMBEDDED_C_BASIC/1_DATA_TYPE/USART_HW_wrapper/zynq_fsbl/zynq_fsbl_bsp/system.mss
TRACE::2026-09-10.23:47:02::SCWMssOS::Found a swdesign opened with the mssfile.
TRACE::2026-09-10.23:47:02::SCWMssOS::Completed writemss as part of save.
TRACE::2026-09-10.23:47:02::SCWMssOS::Commit changes completed.
TRACE::2026-09-10.23:47:02::SCWMssOS::Saving the mss changes C:/repo/SOC/SoC_301/2_GROUND_WORK/3_EMBEDDED_C_BASIC/1_DATA_TYPE/USART_HW_wrapper/ps7_cortexa9_0/standalone_ps7_cortexa9_0/bsp/system.mss
TRACE::2026-09-10.23:47:02::SCWMssOS::Found a swdesign opened with the mssfile.
TRACE::2026-09-10.23:47:02::SCWMssOS::Completed writemss as part of save.
TRACE::2026-09-10.23:47:02::SCWMssOS::Commit changes completed.
TRACE::2026-09-10.23:47:02::SCWPlatform::Trying to open the hw design at C:/repo/SOC/SoC_301/2_GROUND_WORK/3_EMBEDDED_C_BASIC/1_DATA_TYPE/USART_HW_wrapper/hw/USART_HW_wrapper.xsa
TRACE::2026-09-10.23:47:02::SCWPlatform::DSA given C:/repo/SOC/SoC_301/2_GROUND_WORK/3_EMBEDDED_C_BASIC/1_DATA_TYPE/USART_HW_wrapper/hw/USART_HW_wrapper.xsa
TRACE::2026-09-10.23:47:02::SCWPlatform::DSA absoulate path C:/repo/SOC/SoC_301/2_GROUND_WORK/3_EMBEDDED_C_BASIC/1_DATA_TYPE/USART_HW_wrapper/hw/USART_HW_wrapper.xsa
TRACE::2026-09-10.23:47:02::SCWPlatform::DSA directory C:/repo/SOC/SoC_301/2_GROUND_WORK/3_EMBEDDED_C_BASIC/1_DATA_TYPE/USART_HW_wrapper/hw
TRACE::2026-09-10.23:47:02::SCWPlatform:: Platform Path C:/repo/SOC/SoC_301/2_GROUND_WORK/3_EMBEDDED_C_BASIC/1_DATA_TYPE/USART_HW_wrapper/hw/USART_HW_wrapper.xsa
TRACE::2026-09-10.23:47:02::SCWPlatform:: Unique name xilinx:zybo-z7-20::0.0
TRACE::2026-09-10.23:47:02::SCWPlatform::Trying to set the existing hwdb with name USART_HW_wrapper_0
TRACE::2026-09-10.23:47:02::SCWPlatform::Opened existing hwdb USART_HW_wrapper_0
TRACE::2026-09-10.23:47:02::SCWPlatform::Found the Hw Db part of the input DSA
TRACE::2026-09-10.23:47:02::SCWMssOS::Checking the sw design at  C:/repo/SOC/SoC_301/2_GROUND_WORK/3_EMBEDDED_C_BASIC/1_DATA_TYPE/USART_HW_wrapper/zynq_fsbl/zynq_fsbl_bsp/system.mss
TRACE::2026-09-10.23:47:02::SCWMssOS::DEBUG:  swdes dump  C:/repo/SOC/SoC_301/2_GROUND_WORK/3_EMBEDDED_C_BASIC/1_DATA_TYPE/USART_HW_wrapper/ps7_cortexa9_0/standalone_ps7_cortexa9_0/bsp/system.mss|system_0||
C:/repo/SOC/SoC_301/2_GROUND_WORK/3_EMBEDDED_C_BASIC/1_DATA_TYPE/USART_HW_wrapper/zynq_fsbl/zynq_fsbl_bsp/system.mss|system||

TRACE::2026-09-10.23:47:02::SCWMssOS::Sw design exists and opened at  C:/repo/SOC/SoC_301/2_GROUND_WORK/3_EMBEDDED_C_BASIC/1_DATA_TYPE/USART_HW_wrapper/zynq_fsbl/zynq_fsbl_bsp/system.mss
TRACE::2026-09-10.23:47:02::SCWPlatform::Trying to open the hw design at C:/repo/SOC/SoC_301/2_GROUND_WORK/3_EMBEDDED_C_BASIC/1_DATA_TYPE/USART_HW_wrapper/hw/USART_HW_wrapper.xsa
TRACE::2026-09-10.23:47:02::SCWPlatform::DSA given C:/repo/SOC/SoC_301/2_GROUND_WORK/3_EMBEDDED_C_BASIC/1_DATA_TYPE/USART_HW_wrapper/hw/USART_HW_wrapper.xsa
TRACE::2026-09-10.23:47:02::SCWPlatform::DSA absoulate path C:/repo/SOC/SoC_301/2_GROUND_WORK/3_EMBEDDED_C_BASIC/1_DATA_TYPE/USART_HW_wrapper/hw/USART_HW_wrapper.xsa
TRACE::2026-09-10.23:47:02::SCWPlatform::DSA directory C:/repo/SOC/SoC_301/2_GROUND_WORK/3_EMBEDDED_C_BASIC/1_DATA_TYPE/USART_HW_wrapper/hw
TRACE::2026-09-10.23:47:02::SCWPlatform:: Platform Path C:/repo/SOC/SoC_301/2_GROUND_WORK/3_EMBEDDED_C_BASIC/1_DATA_TYPE/USART_HW_wrapper/hw/USART_HW_wrapper.xsa
TRACE::2026-09-10.23:47:02::SCWPlatform:: Unique name xilinx:zybo-z7-20::0.0
TRACE::2026-09-10.23:47:02::SCWPlatform::Trying to set the existing hwdb with name USART_HW_wrapper_0
TRACE::2026-09-10.23:47:02::SCWPlatform::Opened existing hwdb USART_HW_wrapper_0
TRACE::2026-09-10.23:47:02::SCWPlatform::Found the Hw Db part of the input DSA
TRACE::2026-09-10.23:47:02::SCWMssOS::Checking the sw design at  C:/repo/SOC/SoC_301/2_GROUND_WORK/3_EMBEDDED_C_BASIC/1_DATA_TYPE/USART_HW_wrapper/zynq_fsbl/zynq_fsbl_bsp/system.mss
TRACE::2026-09-10.23:47:02::SCWMssOS::DEBUG:  swdes dump  C:/repo/SOC/SoC_301/2_GROUND_WORK/3_EMBEDDED_C_BASIC/1_DATA_TYPE/USART_HW_wrapper/ps7_cortexa9_0/standalone_ps7_cortexa9_0/bsp/system.mss|system_0||
C:/repo/SOC/SoC_301/2_GROUND_WORK/3_EMBEDDED_C_BASIC/1_DATA_TYPE/USART_HW_wrapper/zynq_fsbl/zynq_fsbl_bsp/system.mss|system||

TRACE::2026-09-10.23:47:02::SCWMssOS::Sw design exists and opened at  C:/repo/SOC/SoC_301/2_GROUND_WORK/3_EMBEDDED_C_BASIC/1_DATA_TYPE/USART_HW_wrapper/zynq_fsbl/zynq_fsbl_bsp/system.mss
TRACE::2026-09-10.23:47:02::SCWPlatform::Trying to open the hw design at C:/repo/SOC/SoC_301/2_GROUND_WORK/3_EMBEDDED_C_BASIC/1_DATA_TYPE/USART_HW_wrapper/hw/USART_HW_wrapper.xsa
TRACE::2026-09-10.23:47:02::SCWPlatform::DSA given C:/repo/SOC/SoC_301/2_GROUND_WORK/3_EMBEDDED_C_BASIC/1_DATA_TYPE/USART_HW_wrapper/hw/USART_HW_wrapper.xsa
TRACE::2026-09-10.23:47:02::SCWPlatform::DSA absoulate path C:/repo/SOC/SoC_301/2_GROUND_WORK/3_EMBEDDED_C_BASIC/1_DATA_TYPE/USART_HW_wrapper/hw/USART_HW_wrapper.xsa
TRACE::2026-09-10.23:47:02::SCWPlatform::DSA directory C:/repo/SOC/SoC_301/2_GROUND_WORK/3_EMBEDDED_C_BASIC/1_DATA_TYPE/USART_HW_wrapper/hw
TRACE::2026-09-10.23:47:02::SCWPlatform:: Platform Path C:/repo/SOC/SoC_301/2_GROUND_WORK/3_EMBEDDED_C_BASIC/1_DATA_TYPE/USART_HW_wrapper/hw/USART_HW_wrapper.xsa
TRACE::2026-09-10.23:47:02::SCWPlatform:: Unique name xilinx:zybo-z7-20::0.0
TRACE::2026-09-10.23:47:02::SCWPlatform::Trying to set the existing hwdb with name USART_HW_wrapper_0
TRACE::2026-09-10.23:47:02::SCWPlatform::Opened existing hwdb USART_HW_wrapper_0
TRACE::2026-09-10.23:47:02::SCWPlatform::Found the Hw Db part of the input DSA
TRACE::2026-09-10.23:47:02::SCWMssOS::Checking the sw design at  C:/repo/SOC/SoC_301/2_GROUND_WORK/3_EMBEDDED_C_BASIC/1_DATA_TYPE/USART_HW_wrapper/zynq_fsbl/zynq_fsbl_bsp/system.mss
TRACE::2026-09-10.23:47:02::SCWMssOS::DEBUG:  swdes dump  C:/repo/SOC/SoC_301/2_GROUND_WORK/3_EMBEDDED_C_BASIC/1_DATA_TYPE/USART_HW_wrapper/ps7_cortexa9_0/standalone_ps7_cortexa9_0/bsp/system.mss|system_0||
C:/repo/SOC/SoC_301/2_GROUND_WORK/3_EMBEDDED_C_BASIC/1_DATA_TYPE/USART_HW_wrapper/zynq_fsbl/zynq_fsbl_bsp/system.mss|system||

TRACE::2026-09-10.23:47:02::SCWMssOS::Sw design exists and opened at  C:/repo/SOC/SoC_301/2_GROUND_WORK/3_EMBEDDED_C_BASIC/1_DATA_TYPE/USART_HW_wrapper/zynq_fsbl/zynq_fsbl_bsp/system.mss
TRACE::2026-09-10.23:47:02::SCWPlatform::Trying to open the hw design at C:/repo/SOC/SoC_301/2_GROUND_WORK/3_EMBEDDED_C_BASIC/1_DATA_TYPE/USART_HW_wrapper/hw/USART_HW_wrapper.xsa
TRACE::2026-09-10.23:47:02::SCWPlatform::DSA given C:/repo/SOC/SoC_301/2_GROUND_WORK/3_EMBEDDED_C_BASIC/1_DATA_TYPE/USART_HW_wrapper/hw/USART_HW_wrapper.xsa
TRACE::2026-09-10.23:47:02::SCWPlatform::DSA absoulate path C:/repo/SOC/SoC_301/2_GROUND_WORK/3_EMBEDDED_C_BASIC/1_DATA_TYPE/USART_HW_wrapper/hw/USART_HW_wrapper.xsa
TRACE::2026-09-10.23:47:02::SCWPlatform::DSA directory C:/repo/SOC/SoC_301/2_GROUND_WORK/3_EMBEDDED_C_BASIC/1_DATA_TYPE/USART_HW_wrapper/hw
TRACE::2026-09-10.23:47:02::SCWPlatform:: Platform Path C:/repo/SOC/SoC_301/2_GROUND_WORK/3_EMBEDDED_C_BASIC/1_DATA_TYPE/USART_HW_wrapper/hw/USART_HW_wrapper.xsa
TRACE::2026-09-10.23:47:02::SCWPlatform:: Unique name xilinx:zybo-z7-20::0.0
TRACE::2026-09-10.23:47:02::SCWPlatform::Trying to set the existing hwdb with name USART_HW_wrapper_0
TRACE::2026-09-10.23:47:02::SCWPlatform::Opened existing hwdb USART_HW_wrapper_0
TRACE::2026-09-10.23:47:02::SCWPlatform::Found the Hw Db part of the input DSA
TRACE::2026-09-10.23:47:02::SCWMssOS::Checking the sw design at  C:/repo/SOC/SoC_301/2_GROUND_WORK/3_EMBEDDED_C_BASIC/1_DATA_TYPE/USART_HW_wrapper/ps7_cortexa9_0/standalone_ps7_cortexa9_0/bsp/system.mss
TRACE::2026-09-10.23:47:02::SCWMssOS::DEBUG:  swdes dump  C:/repo/SOC/SoC_301/2_GROUND_WORK/3_EMBEDDED_C_BASIC/1_DATA_TYPE/USART_HW_wrapper/ps7_cortexa9_0/standalone_ps7_cortexa9_0/bsp/system.mss|system_0||
C:/repo/SOC/SoC_301/2_GROUND_WORK/3_EMBEDDED_C_BASIC/1_DATA_TYPE/USART_HW_wrapper/zynq_fsbl/zynq_fsbl_bsp/system.mss|system||

TRACE::2026-09-10.23:47:02::SCWMssOS::Sw design exists and opened at  C:/repo/SOC/SoC_301/2_GROUND_WORK/3_EMBEDDED_C_BASIC/1_DATA_TYPE/USART_HW_wrapper/ps7_cortexa9_0/standalone_ps7_cortexa9_0/bsp/system.mss
TRACE::2026-09-10.23:47:02::SCWPlatform::Trying to open the hw design at C:/repo/SOC/SoC_301/2_GROUND_WORK/3_EMBEDDED_C_BASIC/1_DATA_TYPE/USART_HW_wrapper/hw/USART_HW_wrapper.xsa
TRACE::2026-09-10.23:47:02::SCWPlatform::DSA given C:/repo/SOC/SoC_301/2_GROUND_WORK/3_EMBEDDED_C_BASIC/1_DATA_TYPE/USART_HW_wrapper/hw/USART_HW_wrapper.xsa
TRACE::2026-09-10.23:47:02::SCWPlatform::DSA absoulate path C:/repo/SOC/SoC_301/2_GROUND_WORK/3_EMBEDDED_C_BASIC/1_DATA_TYPE/USART_HW_wrapper/hw/USART_HW_wrapper.xsa
TRACE::2026-09-10.23:47:02::SCWPlatform::DSA directory C:/repo/SOC/SoC_301/2_GROUND_WORK/3_EMBEDDED_C_BASIC/1_DATA_TYPE/USART_HW_wrapper/hw
TRACE::2026-09-10.23:47:02::SCWPlatform:: Platform Path C:/repo/SOC/SoC_301/2_GROUND_WORK/3_EMBEDDED_C_BASIC/1_DATA_TYPE/USART_HW_wrapper/hw/USART_HW_wrapper.xsa
TRACE::2026-09-10.23:47:02::SCWPlatform:: Unique name xilinx:zybo-z7-20::0.0
TRACE::2026-09-10.23:47:02::SCWPlatform::Trying to set the existing hwdb with name USART_HW_wrapper_0
TRACE::2026-09-10.23:47:02::SCWPlatform::Opened existing hwdb USART_HW_wrapper_0
TRACE::2026-09-10.23:47:02::SCWPlatform::Found the Hw Db part of the input DSA
TRACE::2026-09-10.23:47:02::SCWMssOS::Checking the sw design at  C:/repo/SOC/SoC_301/2_GROUND_WORK/3_EMBEDDED_C_BASIC/1_DATA_TYPE/USART_HW_wrapper/ps7_cortexa9_0/standalone_ps7_cortexa9_0/bsp/system.mss
TRACE::2026-09-10.23:47:02::SCWMssOS::DEBUG:  swdes dump  C:/repo/SOC/SoC_301/2_GROUND_WORK/3_EMBEDDED_C_BASIC/1_DATA_TYPE/USART_HW_wrapper/ps7_cortexa9_0/standalone_ps7_cortexa9_0/bsp/system.mss|system_0||
C:/repo/SOC/SoC_301/2_GROUND_WORK/3_EMBEDDED_C_BASIC/1_DATA_TYPE/USART_HW_wrapper/zynq_fsbl/zynq_fsbl_bsp/system.mss|system||

TRACE::2026-09-10.23:47:02::SCWMssOS::Sw design exists and opened at  C:/repo/SOC/SoC_301/2_GROUND_WORK/3_EMBEDDED_C_BASIC/1_DATA_TYPE/USART_HW_wrapper/ps7_cortexa9_0/standalone_ps7_cortexa9_0/bsp/system.mss
TRACE::2026-09-10.23:47:02::SCWPlatform::Trying to open the hw design at C:/repo/SOC/SoC_301/2_GROUND_WORK/3_EMBEDDED_C_BASIC/1_DATA_TYPE/USART_HW_wrapper/hw/USART_HW_wrapper.xsa
TRACE::2026-09-10.23:47:02::SCWPlatform::DSA given C:/repo/SOC/SoC_301/2_GROUND_WORK/3_EMBEDDED_C_BASIC/1_DATA_TYPE/USART_HW_wrapper/hw/USART_HW_wrapper.xsa
TRACE::2026-09-10.23:47:02::SCWPlatform::DSA absoulate path C:/repo/SOC/SoC_301/2_GROUND_WORK/3_EMBEDDED_C_BASIC/1_DATA_TYPE/USART_HW_wrapper/hw/USART_HW_wrapper.xsa
TRACE::2026-09-10.23:47:02::SCWPlatform::DSA directory C:/repo/SOC/SoC_301/2_GROUND_WORK/3_EMBEDDED_C_BASIC/1_DATA_TYPE/USART_HW_wrapper/hw
TRACE::2026-09-10.23:47:02::SCWPlatform:: Platform Path C:/repo/SOC/SoC_301/2_GROUND_WORK/3_EMBEDDED_C_BASIC/1_DATA_TYPE/USART_HW_wrapper/hw/USART_HW_wrapper.xsa
TRACE::2026-09-10.23:47:02::SCWPlatform:: Unique name xilinx:zybo-z7-20::0.0
TRACE::2026-09-10.23:47:02::SCWPlatform::Trying to set the existing hwdb with name USART_HW_wrapper_0
TRACE::2026-09-10.23:47:02::SCWPlatform::Opened existing hwdb USART_HW_wrapper_0
TRACE::2026-09-10.23:47:02::SCWPlatform::Found the Hw Db part of the input DSA
TRACE::2026-09-10.23:47:02::SCWMssOS::Checking the sw design at  C:/repo/SOC/SoC_301/2_GROUND_WORK/3_EMBEDDED_C_BASIC/1_DATA_TYPE/USART_HW_wrapper/ps7_cortexa9_0/standalone_ps7_cortexa9_0/bsp/system.mss
TRACE::2026-09-10.23:47:02::SCWMssOS::DEBUG:  swdes dump  C:/repo/SOC/SoC_301/2_GROUND_WORK/3_EMBEDDED_C_BASIC/1_DATA_TYPE/USART_HW_wrapper/ps7_cortexa9_0/standalone_ps7_cortexa9_0/bsp/system.mss|system_0||
C:/repo/SOC/SoC_301/2_GROUND_WORK/3_EMBEDDED_C_BASIC/1_DATA_TYPE/USART_HW_wrapper/zynq_fsbl/zynq_fsbl_bsp/system.mss|system||

TRACE::2026-09-10.23:47:02::SCWMssOS::Sw design exists and opened at  C:/repo/SOC/SoC_301/2_GROUND_WORK/3_EMBEDDED_C_BASIC/1_DATA_TYPE/USART_HW_wrapper/ps7_cortexa9_0/standalone_ps7_cortexa9_0/bsp/system.mss
TRACE::2026-09-10.23:47:02::SCWWriter::formatted JSON is {
	"platformName":	"USART_HW_wrapper",
	"sprVersion":	"2.0",
	"mode":	"gui",
	"dsaType":	"Fixed",
	"platformDesc":	"USART_HW_wrapper",
	"platHandOff":	"C:/repo/SOC/SoC_301/2_GROUND_WORK/2_PS_BASIC/1_USART_CONNECTION_HW/USART_HW_wrapper.xsa",
	"platIntHandOff":	"<platformDir>/hw/USART_HW_wrapper.xsa",
	"deviceType":	"zynq",
	"platIsPrebuiltAutogen":	"false",
	"platIsNoBootBsp":	"false",
	"platFsblTarget":	"ps7_cortexa9_0",
	"hasFsblMakeHasChanges":	"false",
	"hasPmufwMakeHasChanges":	"false",
	"fsblExtraCompilerFlags":	"-MMD -MP       -mcpu=cortex-a9 -mfpu=vfpv3 -mfloat-abi=hard ",
	"platPreBuiltFlag":	false,
	"platformSamplesDir":	"",
	"platActiveSys":	"USART_HW_wrapper",
	"systems":	[{
			"systemName":	"USART_HW_wrapper",
			"systemDesc":	"USART_HW_wrapper",
			"sysIsBootAutoGen":	"true",
			"systemDispName":	"USART_HW_wrapper",
			"sysActiveDom":	"standalone_ps7_cortexa9_0",
			"sysDefaultDom":	"standalone_ps7_cortexa9_0",
			"domains":	[{
					"domainName":	"zynq_fsbl",
					"domainDispName":	"zynq_fsbl",
					"domainDesc":	"FSBL Application BSP - Auto Generated.",
					"processors":	"ps7_cortexa9_0",
					"os":	"standalone",
					"sdxOs":	"standalone",
					"debugEnable":	"",
					"domRuntimes":	["cpp"],
					"swRepo":	"",
					"mssOsVer":	"9.2",
					"mssFile":	"",
					"md5Digest":	"0d85eb7594d9e7e2c8af45a785783646",
					"compatibleApp":	"zynq_fsbl",
					"domType":	"bootDomain",
					"arch":	"32-bit",
					"appSettings":	{
						"appCompilerFlags":	"",
						"appLinkerFlags":	""
					},
					"addedLibs":	["xilffs:5.3", "xilrsa:1.8"],
					"libOptions":	{
						"libsContainingOptions":	[]
					},
					"prebuiltLibs":	{
						"prebuiltIncPath":	[],
						"prebuiltLibPath":	[]
					},
					"isolation":	{
					}
				}, {
					"domainName":	"standalone_ps7_cortexa9_0",
					"domainDispName":	"standalone_ps7_cortexa9_0",
					"domainDesc":	"standalone_ps7_cortexa9_0",
					"processors":	"ps7_cortexa9_0",
					"os":	"standalone",
					"sdxOs":	"standalone",
					"qemuArgs":	"<platformDir>/resources/USART_HW_wrapper/standalone_ps7_cortexa9_0/qemu_args.txt",
					"qemuData":	"<platformDir>/resources/USART_HW_wrapper/standalone_ps7_cortexa9_0/qemu",
					"debugEnable":	"False",
					"domRuntimes":	["cpp"],
					"swRepo":	"",
					"mssOsVer":	"9.2",
					"mssFile":	"",
					"md5Digest":	"6c4fd263b60a06a02b9d485d16afff8a",
					"compatibleApp":	"hello_world",
					"domType":	"mssDomain",
					"arch":	"32-bit",
					"appSettings":	{
						"appCompilerFlags":	"",
						"appLinkerFlags":	""
					},
					"addedLibs":	[],
					"libOptions":	{
						"libsContainingOptions":	[]
					},
					"prebuiltLibs":	{
						"prebuiltIncPath":	[],
						"prebuiltLibPath":	[]
					},
					"isolation":	{
					}
				}]
		}]
}
KEYINFO::2026-09-10.23:47:02::SCWPlatform::updated the xpfm file.
TRACE::2026-09-10.23:47:02::SCWPlatform::Trying to open the hw design at C:/repo/SOC/SoC_301/2_GROUND_WORK/3_EMBEDDED_C_BASIC/1_DATA_TYPE/USART_HW_wrapper/hw/USART_HW_wrapper.xsa
TRACE::2026-09-10.23:47:02::SCWPlatform::DSA given C:/repo/SOC/SoC_301/2_GROUND_WORK/3_EMBEDDED_C_BASIC/1_DATA_TYPE/USART_HW_wrapper/hw/USART_HW_wrapper.xsa
TRACE::2026-09-10.23:47:02::SCWPlatform::DSA absoulate path C:/repo/SOC/SoC_301/2_GROUND_WORK/3_EMBEDDED_C_BASIC/1_DATA_TYPE/USART_HW_wrapper/hw/USART_HW_wrapper.xsa
TRACE::2026-09-10.23:47:02::SCWPlatform::DSA directory C:/repo/SOC/SoC_301/2_GROUND_WORK/3_EMBEDDED_C_BASIC/1_DATA_TYPE/USART_HW_wrapper/hw
TRACE::2026-09-10.23:47:02::SCWPlatform:: Platform Path C:/repo/SOC/SoC_301/2_GROUND_WORK/3_EMBEDDED_C_BASIC/1_DATA_TYPE/USART_HW_wrapper/hw/USART_HW_wrapper.xsa
TRACE::2026-09-10.23:47:02::SCWPlatform:: Unique name xilinx:zybo-z7-20::0.0
TRACE::2026-09-10.23:47:02::SCWPlatform::Trying to set the existing hwdb with name USART_HW_wrapper_0
TRACE::2026-09-10.23:47:02::SCWPlatform::Opened existing hwdb USART_HW_wrapper_0
TRACE::2026-09-10.23:47:02::SCWPlatform::Found the Hw Db part of the input DSA
TRACE::2026-09-10.23:47:02::SCWMssOS::Checking the sw design at  C:/repo/SOC/SoC_301/2_GROUND_WORK/3_EMBEDDED_C_BASIC/1_DATA_TYPE/USART_HW_wrapper/ps7_cortexa9_0/standalone_ps7_cortexa9_0/bsp/system.mss
TRACE::2026-09-10.23:47:02::SCWMssOS::DEBUG:  swdes dump  C:/repo/SOC/SoC_301/2_GROUND_WORK/3_EMBEDDED_C_BASIC/1_DATA_TYPE/USART_HW_wrapper/ps7_cortexa9_0/standalone_ps7_cortexa9_0/bsp/system.mss|system_0||
C:/repo/SOC/SoC_301/2_GROUND_WORK/3_EMBEDDED_C_BASIC/1_DATA_TYPE/USART_HW_wrapper/zynq_fsbl/zynq_fsbl_bsp/system.mss|system||

TRACE::2026-09-10.23:47:02::SCWMssOS::Sw design exists and opened at  C:/repo/SOC/SoC_301/2_GROUND_WORK/3_EMBEDDED_C_BASIC/1_DATA_TYPE/USART_HW_wrapper/ps7_cortexa9_0/standalone_ps7_cortexa9_0/bsp/system.mss
